Brand_ID,Brand_Name
A020056,가쉬
A001436,구달
A001624,그라펜
A005055,글로오아시스
A011632,글로우
A002517,나인위시스
A003477,넘버즈인
A000486,눅스
A003326,닥터디퍼런트
A008711,닥터멜락신
A000447,닥터브로너스
A000426,닥터자르트
A000627,닥터지
A004571,닥터하스킨
A002758,달바
A002367,달팡
A002924,더랩바이블랑두
A015714,더마라인
A003626,더마펌
A003550,더말로지카
A002789,더바디샵
A003601,더샘
A011912,더페이스샵
A012893,더후
A009531,디마르3
A003210,디오디너리
A017540,디퍼
A015313,딕셔니스트
A003222,땡큐파머
A000014,라끄베르
A002948,라네즈
A000954,라로슈포제
A003795,라빠레뜨
A002756,라운드랩
A017534,랑콤
A000859,랩시리즈
A003714,레이지소사이어티
A001722,로벡틴
A001662,리얼베리어
A006651,리엔케이
A002884,리우젤
A003824,리쥬란
A001924,마녀공장
A000031,마몽드
A001925,메디큐브
A002310,메이크프렘
A008151,몰바니
A003080,미구하라
A016998,미닉
A003666,믹순
A002873,바버501
A002693,바비브라운
A000451,바이오더마
A007391,바이오던스
A000897,바이오힐보
A015094,반코르
A017287,브리올옴므
A002253,브링그린
A007211,브이앤에이뷰티
A008671,블랑네이처
A003025,비레디
A006635,비마이셀프
A000989,비오템
A002222,비욘드
A002833,비플레인
A003679,빌리프
A003369,생블랑쉬
A012973,설화수
A003927,성분에디터
A020883,세포랩
A002895,센텔리안24
A006153,셀라딕스
A002971,셀리맥스
A001746,셀린저
A001854,셀퓨전씨
A014375,스콧해미쉬
A003738,스킨1004
A003703,스킨앤랩
A003070,스킨푸드
A003754,스튜디오17
A011592,슬로소피
A002401,시카고
A000036,식물나라
A000275,싸이닉
A006091,썸바이미
A003377,아누아
A000003,아벤느
A001728,아비브
A001643,아이디얼포맨
A000730,아이소이
A004651,아이오페
A002202,아임프롬
A000415,아크네스
A003290,애즈이즈투비
A017179,어나더페이스
A002812,에르쯔틴
A002275,에센허브
A003493,에스네이처
A003446,에스테덤
A002474,에스트라
A000288,엠도씨
A002465,엠브리올리스
A015753,연작
A003713,오브제
A008771,오휘
A003268,올리고더미
A000102,우노
A015073,운스트라움
A003540,원씽
A002258,웰라쥬
A000419,유리아쥬
A000697,유세린
A003681,이니스프리
A001846,이즈앤트리
A005911,인터미션
A003055,정샘물
A013852,제나벨
A014453,제로이드
A003923,조선미녀
A017541,지피덤
A000645,차앤박
A015735,케어놀로지
A000279,케어존
A001681,코스노리
A001465,코스알엑스
A006591,코스톡
A002369,큐어
A001641,크리니크
A002730,클럽맨피노드
A015993,키엘
A011292,테라로직
A003693,토니모리
A002820,토리든
A003664,트러블레스
A003382,티엘스
A003335,파티온
A001382,파파레서피
A012012,퍼셀
A020850,페이보릿
A015373,포레스트
A002586,포엘리에
A003278,폴라초이스
A015554,풀리
A006471,프랭클리
A017579,플로디카
A003340,플리프
A000729,피지오겔
A003900,피캄
A014553,피토메르
A000517,하다라보
A003405,하루하루원더
A000474,한율
A004871,허블룸
A003635,헉슬리
A002992,헤라
A011452,헤브블루
A003611,헤이네이처
A009511,후시다인
A001094,AHC
A015293,LBB
A015737,SVR
A001873,VT
A020677,rdrd
A003585,가히
A016155,그라운드플랜
A020028,나노레시피
A001130,네오젠
A012192,네이처리퍼블릭
A013812,뉴라덤
A003223,다룸
A001316,다슈
A001325,닥터엘시아
A008851,닥터오라클
A011772,닥터하우쉬카
A020731,더마젼시
A002986,더마토리
A017140,더마팩토리
A003209,더마픽스
A003819,더파이에센셜
A010213,더하르나이
A003992,도미나스
A020891,동국제약
A020740,동아제약
A000652,듀이트리
A020151,디마프
A002760,디어클레어스
A004511,디에이브
A014733,라돌프
A002753,라씨엘르
A003389,랑벨
A006611,러븀
A020733,레이어랩
A011434,로우퀘스트
A004872,루트리
A017543,리덴스
A021112,리쥬덱스
A009771,리터니티
A001098,린제이
A017039,마미케어
A007591,마일드랩
A002696,맥
A003727,메디앤서
A010171,메디큐브
A002466,메디테라피
A003336,메디필
A000688,메디힐
A020674,모토몬트
A003741,무슈제이
A003266,미샤
A017779,밀리밀리
A002674,바버
A003582,배드스킨
A003689,베리홉
A009211,블리브유
A001859,블리블리
A003836,비건이펙트
A007871,비긴스
A020175,비노트
A020049,빛클
A004791,샤이샤이샤이
A016634,셀로라바이
A016434,셀올로지
A017274,셀인샷
A020038,션리
A003619,수이스킨
A005072,수페
A007231,숨37
A007151,아떼
A013912,아렌시아
A013432,아로셀
A000706,아리얼
A015716,아이디플라코스메틱
A017557,아이뽀
A003562,앰플엔
A003748,어바웃미
A004491,어퓨
A003092,얼트루
A013313,에딧비
A000887,에스티로더
A001329,에이프릴스킨
A007411,에필로우
A008353,엑시스와이
A015093,오드로이
A020323,오아조
A007031,오어스
A020739,오우즈너리
A004692,울트라브이
A011392,원진이펙트
A008931,이지듀
A004935,일소
A003071,잇츠스킨
A002160,제이엠솔루션
A012212,주미소
A020900,쥬베룩
A017320,코스메쉐프
A020732,코페르
A003096,클라뷰
A017542,클랍
A014423,클리어디어
A012432,톡스앤필
A003243,톤28
A016033,톰
A003561,파넬
A017576,포들
A014072,퓨리토
A020012,퓨어그램
A015734,프라나롬
A002993,프리메라
A000793,프리메이
A020918,플로위
A000499,한스킨
A003197,허브노트
A003925,허스텔러
A015193,휩드
A003526,CKD
A015273,NDP
A001064,SNP
A003926,낫츠
A008571,닥터트웬티프로젝트
A021080,동화약품
A002886,라곰
A021123,라니쥬
A012173,라로제
A005271,라타플랑
A002513,록시땅
A020011,리브엠
A002660,마티나겝하르트
A005031,메디올가
A001680,미프
A003258,밀크터치
A003919,벨라수
A003788,보나쥬르
A000774,불독
A003908,비원츠
A000939,비판톨
A000565,세타필
A003707,소본
A002493,스와니코코
A006071,시모먼트
A003843,씨널스
A001661,아크웰
A000041,에뛰드
A003746,오가나셀
A000292,이아소
A015773,청미정
A005931,체이싱래빗
A005056,케이시크릿
A016034,코이
A016199,쿠피
A002957,키노닉스
A015733,파이코어
A005512,피부미
A003095,휘게
A004071,휴캄
A003904,OOTD
A017178,그라운드랩
A003396,닥터방기원
A001666,로레알맨
A003706,록키스
A003789,마리엔메이
A003024,바르테라
A015254,벨프리모
A000093,보닌
A002417,블랙몬스터
A000733,비알티씨
A003852,스케다
A021139,알파루틴
A003829,온그리디언츠
A000828,우르오스
A000976,차앤박옴므
A002418,포맨트
A007991,폴메디슨
A001498,퓨어덤
A020169,헤슬
A017798,BOHO
A003924,EGF올로지
A003794,디어달리아
A009971,런드리유
A000458,쌍빠
A014312,아이다
A000111,에비앙
A000045,오우썸
A001245,올리세
A013652,원오브뎀
A017536,웰더마
A014252,유이크
A020344,채운
A000764,트릴로지
A000132,오딧세이
A000029,이자녹스
A010491,게스케
A017778,글로우엠
A010631,글로웍스
A005811,누페이스
A008112,닥터탱글
A020729,듀얼소닉
A003241,라피타
A003696,리스프링
A002409,바나브
A003079,바디스핀
A005032,카사업
A016333,쿼드쎄라
A002746,페이스팩토리
A005272,포레오
A009231,혼바디
A020817,EOA
A020284,LG
A003422,SPUUN
A017635,노프랍
A005013,뉴트리스톰
A003264,니들리
A003232,다자연
A002958,더멀매트릭스
A001768,듀이셀
A021117,디어소녀
A000570,마이뷰티다이어리
A020461,바노바기
A000059,바세린
A003233,바이비드
A015613,베이스킨
A001710,브리스킨
A010552,수아이레
A001678,시루콧토
A003792,아나시스
A003791,알리원
A003390,야다
A003008,약손명가
A011372,어글리러블리
A016175,에가
A020041,이옴
A002516,제로앱솔루
A001292,제이준
A003893,콤마나인
A000711,페이스인페이스
A002784,프란츠
A020444,프렉탈
A012678,프롬리에
A020013,프롬메디
A015493,하우스오브비
A001712,나이팅게일
A004591,바비모
A003427,슈레피
A001522,스트라이덱스
A005232,시초
A005231,아드망
A003729,아페리레
A006693,앱솔룹
A015593,테라비코스
A020734,파믹
A004091,포밤
A013072,넛세린
A017195,메노킨
A001442,미팩토리
A002759,바닐라코
A002359,블라이드
A003747,비알머드
A016854,샤르드
A008731,선덕제주
A000460,스웨디쉬
A014498,써니콘
A012312,유리숲
A008691,이아이오
A003412,인워드
A014174,제트티유
A001319,착한팩토리
A010511,토르홉
A017577,페슬로
A015173,프롬더스킨
A015715,필킨
A004936,본트리
A003242,원데이즈유
A003339,케어플러스
A002646,해서린
A021034,스킷
A001711,에이바자르
A002880,그레이멜린
A000044,뉴트로지나
A011913,닥터벨머
A017736,닥터슈라클
A001047,데저트
A003345,동구밭
A017173,듀댑
A008091,디어도어
A012492,딘시
A003810,라라레서피
A020055,리솔츠
A001560,맥스클리닉
A006694,멘톨로지
A021060,멜라노CC
A015134,모나이트
A013952,바이유어
A015473,비디비치
A021154,비브리즈
A000849,비페스타
A010151,살사랑
A000720,센카
A020945,셀라듀
A002246,수이사이
A003868,씨드비
A000754,아로마티카
A013392,아이레시피
A004573,아토뮤
A002852,에이트루
A014133,오브베이스
A000615,온더바디
A021054,원더바스
A017594,인포디플러스
A000968,일리윤
A003542,잇퍼
A017820,주닥
A017561,직택
A000012,참존
A011433,콴디
A006771,투비건
A000060,포인트앤
A000125,폰즈
A020681,퐁당
A000065,해피바스
A003298,헤이미쉬
A017273,네시픽
A020683,메이영
A017363,바를
A006695,버블리
A016194,베라모어
A000812,비오레
A002678,셀비엔
A009151,소울
A003901,숌
A011812,심플로그
A003525,유리피부
A000066,티스
A009311,하멜
A005514,하트퍼센트
A003859,VDL
A002949,리듀어
A002273,비오텀
A009811,스킨시그널
A011792,히야
A001858,내츄레인
A001707,닥터원더
A001113,데트클리어
A002769,마이달리아
A011952,비프로젝트
A000037,플루
A002165,후르디아
A002921,SRB
A001424,궁중비책
A001833,롬앤
A000700,비엘렌다
A000929,이브로쉐
A000286,키스미
A015933,멜리언스
A020225,누메
A000049,니베아
A003578,닥터바이오
A000908,닥터아토
A002799,닥터올가
A017554,달롭
A000985,더마비
A003383,데이지크
A021040,디오프러스
A003971,라비오뜨
A001494,마데카솔
A003238,멜릭서
A017515,밈즈
A013333,바디언스
A002461,벤튼
A012473,부쉬맨
A017535,브루케시아
A020146,스타라이크
A000909,쏘내추럴
A000278,아넷사
A003903,아도르
A005411,아이레놀
A016633,알리
A003660,어뮤즈
A020020,어테이션
A001685,에끌라두
A002439,에스쁘아
A002903,에이지투웨니스
A020521,오데어
A020376,오버랩스
A016113,제로시피
A018042,차앤맘
A015742,커버서울
A013532,키스
A021093,테이지
A020073,텐제로
A006331,토코보
A004171,톤핏선
A021124,트로이아르케
A002851,티르티르
A015375,포트레
A008591,퓨어멜로우
A021130,해달씨
A002889,홀리카홀리카
A014499,Te’
A011852,두잉왓
A017562,로스트마인드랩
A020961,프레비츠
A002848,마르시끄
A001810,낫포유
A001267,레시피
A003680,오제끄
A012875,나르카
A004751,네이밍
A003506,네츄럴샤인
A014424,노노어
A007111,노베브
A008991,노우라이
A020016,누그레이
A011212,누니
A009292,누즈
A002856,닥터포포
A001836,듀왑
A003753,딘토
A002888,라끌랑
A010933,라부르켓
A001306,라운드어라운드
A002512,라카
A020801,러브플레르
A008411,레미유
A020511,로지킴
A000545,루나
A014332,루미르
A003678,르오에스
A017920,리스키
A020131,리플라이미
A001852,릴리바이레드
A003801,립리프
A000452,마루빌츠
A001860,머지
A001822,메디포포
A011832,메리몽드
A008012,메리쏘드
A000184,멘소래담
A017288,모노프
A020071,모렛
A013753,모브닝
A014421,모우모우
A004311,무지개맨션
A003862,뮤드
A008074,반디
A000471,버츠비
A002832,베네피트
A013772,브레이
A016999,블랑디바
A001301,블리스텍스
A017200,비온타임
A003782,삐아
A000134,세바메드
A001892,세븐피엠
A013752,세잔느
A000831,스웨거
A015994,시미헤이즈뷰티
A002460,시에로
A013097,써랏
A005412,씨스터앤
A013472,아멜리
A003677,아워글래스
A020700,앤드바이롬앤
A014452,앤디얼
A003887,어바웃톤
A010451,언라이프
A001694,언파
A008412,얼터너티브스테레오
A020870,에이쁘
A009331,에이오유
A005591,에크멀
A020601,엔비피시스
A003870,엔트로피
A000112,엘리자베스아덴
A016334,오아드
A013932,오프라
A020153,오헤이오
A020846,원정요
A001240,웨이크메이크
A017340,이글립스
A017735,이더앤
A015335,인스테드
A000135,입큰
A014497,잉가
A003329,자빈드서울
A000197,지베르니
A001054,카멕스
A000648,카밀
A013315,칼앤한스
A001042,캐스키드슨
A000843,캐트리스
A000205,캔메이크
A002712,컬러그램
A000844,케이트
A000992,코드글로컬러
A015717,코랄헤이즈
A012392,코시에로
A000172,클리오
A010912,키보
A003835,키핀터치
A020023,킬릿
A017881,타이니원더
A020277,태오앤더
A017182,투슬래시포
A006696,투에이엔
A002192,투쿨포스쿨
A008111,투크
A001127,트리헛
A008072,팁토우
A017041,파뮤
A017285,패션캣
A020600,페르웨어
A000511,페리페라
A001838,포렌코즈
A017533,폰들리
A006636,푸룻스킨
A004711,퓌
A005851,프레시안
A009611,플르부아
A020152,피몽쉐
A003888,피브
A000564,허바신
A003951,헤트라스
A000953,히말라야
A003414,힌스
A002862,YNM
A001619,3CE
A003724,글린트
A001870,더툴랩
A004831,디어에이
A020033,르넥트
A008073,매드피치
A009391,메이크힐
A008891,무칸
A015995,베어미네랄
A016995,셰르잔느
A015213,심플레인
A001532,아임미미
A002910,어반디케이
A013152,에르보리앙
A016962,인뮤
A003270,잉글롯
A001786,자트인사이트
A020799,커브드
A017560,쿼치
A004331,터치인솔
A014533,티핏
A013314,파이브바이브
A012052,피에이치하비
A020487,핀브
A015996,하밍
A017054,하우스오브허
A003709,RMK
A002761,달리프
A000450,데자뷰
A015534,러브라이너
A017156,로잉즈
A010215,루리디아
A007191,리필드
A016675,릴리이브
A016894,모뉴
A016573,바우로
A000840,뷰티리더
A003583,블레스문
A003487,스틸라
A017157,아던샵
A017154,아이투인
A008171,아헤브
A015353,에이페
A000550,우드버리
A017865,이네트
A000863,인터시스
A007271,치카이치코
A007292,코링코
A017284,콰이어톤
A008791,프로에잇
A002905,피치베리
A020112,그린로댕
A014613,더분
A010852,루이본
A015693,르브와
A001287,리얼테크닉스
A015594,마스카컴퍼니
A020865,미빗
A007171,바디바
A001767,뷰티블렌더
A020787,손보다
A002503,수아도르
A001783,엘프
A003850,오그너스
A020145,올리브영
A003513,왕타
A017860,율세븐
A000058,카이
A020140,툴리프
A013092,파나소닉
A017193,플라리아
A003288,피카소
A002502,필리밀리
A014394,화홍엠
A000030,갸스비
A001740,그린벨
A009871,깜빡
A016944,꽁래쉬
A002348,듀오
A003410,라음파크
A016214,로지피끄
A001455,보다나
A010932,뷰앤디
A000075,시세이도
A003576,실루에뜨
A003321,쓰리쎄븐
A002347,아델
A017194,아이하라
A017580,올리오
A016943,올리쥬
A017601,이야
A017840,저스트썸띵
A016922,클리오네
A012413,틴들
A017183,간소
A002597,더블유비엘
A001282,도루코
A002242,비비또
A000228,씨앤씨
A003269,퓨리케이
A013292,프리티프릭
A016575,그래비티
A001328,라우쉬
A004991,르네휘테르
A009593,리파
A002883,모로칸오일
A003569,민트리
A002604,박준뷰티랩
A014393,브리티시엠
A002694,아베다
A001022,아이캔디
A002941,야오
A020352,에콰
A008271,오끌레르
A001798,탱글엔젤
A000734,탱글티저
A002751,포뷰트
A017353,핑크에이지
A001771,하나월드
A017321,헤레카
A000753,힐링배스
A001458,데싱디바
A003065,두스나뚜르
A008071,르멘트
A013713,모어
A011892,베베숲
A000280,비앤비
A000304,쉬즈라인
A003745,엣지유
A013712,오즈네일
A003062,위드샨
A000424,유기농본
A001803,콜만
A003296,크리스마
A003452,트라발로
A012114,팁시
A016036,팬그램
A008413,핑거수트
A017138,더마푸라민
A020488,스위스나린
A001243,디어러스
A011112,루에브르
A003896,코트
A003112,르미니마카롱
A003273,젤로젤로
A012032,디젤
A000201,셀리한센
A020906,오호라
A002147,큐티클스
A000330,티타니아
A003455,그로우어스
A012672,나인밀라
A020978,내주
A014532,네쉬
A003259,누들앤부
A001439,다이안
A002898,닥터그루트
A003584,닥터시드
A001441,닥터포헤어
A000115,도브
A003041,라보에이치
A020314,레스노베
A000406,려
A000084,로레알
A017184,로레알
A006311,로마
A003612,로이비
A003732,로픈
A003840,롱테이크
A000047,루시도엘
A017494,루테카
A003744,루톤
A020810,마이녹셀
A002859,멈칫
A003786,메디올
A003606,모다모다
A002325,모레모
A015713,모에브
A020798,몽잘
A017393,몽클로스
A009651,무백
A000786,무스텔라
A000124,미쟝센
A003247,밀크바오밥
A013412,바디브
A007931,바이브랩
A014193,바이아우어
A010131,바이오가
A000709,바티스트
A003933,보타믹스
A003502,부케가르니
A020301,브르카
A008231,블랙포레
A000692,사이오스
A011512,센녹
A009572,셀러버
A012532,솔랩
A017960,스위스
A002882,스팀베이스
A010312,시세이도
A000442,실크테라피
A009132,씨퓨리
A011932,아닐로
A003632,아르투아
A010531,아발론
A000883,아토팜
A000802,알페신
A020886,애쉬로렌
A020804,앤허니
A003551,어노브
A001734,얼라이브랩
A020569,에끌무아
A003291,에코글램
A004414,에퓨놀
A000067,엘라스틴
A010431,오디드
A021089,오라라
A021035,오르제나
A021008,오제닉스
A013316,오프온
A008371,올라플렉스
A020523,요루
A020485,원오세븐
A013672,위드비컨
A020959,이고세
A020940,이드르르
A000389,이지엔
A007531,저스트에즈아이엠
A002836,제니하우스
A002338,제이숲
A003371,줄라이미
A002901,차홍
A000559,츠바키
A003314,커리쉴
A015374,케라스타즈
A000052,케라시스
A002233,코랩
A001775,쿤달
A001444,클로란
A017036,탐즈
A003042,트루자임
A003848,트리셀
A020067,트리코닉스
A007632,티타드
A002821,파놀라
A015793,파이브센스
A000048,팬틴
A021162,퍼리키
A000842,포레스트스토리
A010091,폴미첼
A020004,프롬랩스
A003093,플란투어
A008051,피노
A008871,필립비
A007192,하아르
A002757,헤드스파7
A000128,헤드앤숄더
A002482,헤어플러스
A015953,헤이브로
A003272,힐링버드
A020042,SOOO
A001616,TS샴푸
A020484,나우앤댄
A021094,다노날
A005552,라이아
A020379,라입
A003418,루토닉스
A000004,마쉐리
A014813,사브와
A020486,시티르
A017133,아누코
A017002,어반트라이브
A003827,에이르보
A021090,오하입
A014192,핑크고스트
A002995,AZH
A017042,바디앤
A008191,라온느
A001416,무아스
A021065,셀티아라
A003739,어네이즈
A020599,엘립스
A006633,고잉그레이
A000064,꽃을든남자
A000192,다나한
A000200,리엔
A015013,모두봄
A002685,모레모
A003867,베네자임
A000013,세븐에이트
A000651,스킨베네핏
A001715,졸렌
A000577,프레쉬라이트
A006971,글램팜
A020735,글로우유
A000038,바비리스
A000493,베스
A000091,비달사순
A008831,샤크
A020559,오브룸
A001630,오아
A002452,웨신
A000116,유닉스
A003032,이오시카
A002501,제니퍼룸
A001626,제이엠더블유
A006212,켄트
A000481,필립스
A010551,휴브론
A021041,디포
A002902,라라츄
A020018,모이
A009031,아큼두
A006632,오루트
A001774,유리카
A009512,청담남자
A015954,고릴라왁싱
A000397,그린핑거
A016893,노도르
A001601,닥터틸즈
A003297,달란
A000866,더블유드레스룸
A001218,더프트앤도프트
A014474,라사본느리드니옹
A002698,라이콘
A003800,락토덤
A003532,랩스밤
A017283,럽센트
A003038,레이비
A003479,마르마르디
A015553,말콤
A002306,메르필
A014013,뮤센트
A016921,미차이
A000888,바디판타지
A000712,밤코스메틱
A003756,배쓰프로젝트
A003028,벨레다
A003457,벨먼
A006211,보로탈코
A002988,블랑101
A012376,비클리닉스
A017293,사봉
A001773,샤워메이트
A003587,솔테라피
A003294,스카이보틀
A004371,스킨유
A002969,썸블라썸
A017339,아디다스(뷰티)
A020150,아르베
A000290,아비노
A006191,아비노베이비
A012414,아윌미백
A010218,아토808
A003439,아토앤오투
A012594,알보우
A005771,엄마의목욕탕레시피
A020694,에가톳
A017980,오리지널소스
A003244,오울루
A020742,인버브
A014933,제이멜라
A000204,존슨즈
A003814,중심얼얼
A014493,지아자
A000400,지오마
A006911,취
A006631,클로로피
A017799,타가
A003875,타입넘버
A017038,탄
A017604,티슬로
A020849,티엘라
A013094,티컬렉티브
A003798,페이스인네이처
A020155,펠리칸솝
A003515,프라이멀
A005951,필리더스
A020911,힐그리즈
A015973,GBH
A016959,46cm
A020872,그레이즈포인트
A000815,나츄리에
A006131,바이컬러
A009591,비더마틱
A021053,비오엠
A002148,셀라피
A013332,아이보들
A020786,엠락틴
A001533,프라이웰
A007551,히든
A017862,닥터딥
A003797,미라이크
A009513,바니니
A001639,바디홀릭
A000719,바이오오일
A003280,아이젠틀맨
A002700,알롱
A000814,크리스탈
A003250,포르맨즈
A002294,필로소피
A017314,HDEX
A000239,네어
A007631,델링그
A006692,맨허스트
A002793,바나다왁싱
A000860,바디네이처
A000077,브라운
A001850,블락
A003905,숨바꼭지
A000082,쉬크
A016202,슬릭
A001716,아르코맨
A020186,와이즐리
A001795,위거
A016997,지저쓰
A000074,질레트
A001667,질레트
A016960,팀스모어
A003078,냉감테라피
A006637,에너비45
A009514,폴라레나
A017738,하우스오브밸런스
A001096,ms.44
A020582,딥퍼랑스
A007791,라피네르
A003416,로즐린
A006951,루아페
A020111,매드포코스
A000757,메소드
A017113,미세스마이어스
A000491,보령메디앙스
A007073,비비앙
A002415,생활공작소
A021091,세니티
A001148,소프리스
A012112,슬밋
A000298,아이깨끗해
A000188,아트릭스
A007431,애프터블로우
A020054,에프오티디
A002829,엠디스픽
A003784,오센트
A001857,오킵스
A015253,위칙
A001744,제이듀
A002797,코코도르
A000212,크리넥스
A007511,테일러센츠
A010217,투힐미
A020585,프라포투투
A020122,고운발
A004391,그랜즈레미디
A011272,단미
A002307,라보타치
A020534,리디에뜨
A000352,마더네스트
A020834,마스크킹
A020064,말표
A003687,바렌
A002752,베베풋
A003234,세라폼
A020247,에슬라이트
A000404,에프쓰리
A002718,역대급커먼스
A001765,오더이터
A003616,케라셀
A009515,쾌발
A003637,쿨풋
A003818,툴라
A008951,풀리오
A000372,홈스타
A000033,겐조
A020044,곤란
A000432,끌로에
A000586,나르시소
A014913,누다라
A003721,다비도프
A012712,데메테르
A000130,돌체앤가바나
A003593,드메모리아
A013272,든향
A020558,라멜린
A017290,라보라토리오
A009091,라임유
A000182,랄프로렌
A000063,랑방
A001808,레르드사봉
A003463,로맨띠끄
A002742,로샤스
A021100,로우바이브
A002866,롤리타렘피카
A003552,리베르
A007811,마이클코어스
A020224,마인드오버바디
A020878,마크니
A000265,마크제이콥스
A001003,메르세데스
A003613,메모
A012132,모멘센트
A000287,모스키노
A000646,몽블랑
A014132,미한
A000017,버버리
A006571,베르두
A000040,베르사체
A020985,벨벳바니
A013096,부씨
A006751,빌리아일리시
A015033,사브리나카펜터
A015913,센틀리에
A002778,쇼파드
A017115,스침
A012852,슬로우허밍
A020448,시머스
A003647,썽봉
A012372,아뜰리에페이
A012373,아로
A003874,아르카디아
A002994,아리아나그란데
A002830,아프리모
A005691,어스
A003423,에이딕트
A020772,에틀리에
A005236,엔시피
A020021,우나
A013992,우먼시크릿
A000221,이세이미야케
A000241,제니퍼로페즈
A000551,존바바토스
A000612,지미추
A000057,캘빈클라인
A000855,코치
A000590,클린
A000185,타미힐피거
A013095,탄젠트GC
A012832,토리버치
A000425,토스
A020043,투데이이즈
A016853,티블레스
A000095,페라가모
A017057,포스테스
A012595,호텔도슨
A015394,홀리바넘
A000703,4711
A013174,베뉴먼트
A017056,센티카
A010219,엘리자베스
A016375,오브먼트
A021078,오브제바이쿤달
A007971,탐니크
A021043,겟잇클린
A012593,글래드호텔
A007671,글로썸
A014514,꾸까
A003458,나그참파
A020738,내셔널지오그래픽
A003891,노티프
A010271,다우니
A002492,단순생활
A020541,더티린넨
A020045,데이니스
A003237,디밤비
A020966,디어커스
A020879,디오바스크
A016053,디프로젝트
A013372,라브아
A021087,란도린
A001606,러비더비
A017864,레노아
A016593,레토
A020815,르버브
A005671,르셀르
A009451,르아제
A010691,리슬립
A020399,리핀
A015736,마틸라
A020957,만듬
A003553,메르디센트
A009691,메종데부지
A017756,멜리멜로
A017097,모네프
A021148,모노아워
A021004,모던하우스
A014775,무무네
A001072,미스터앤미세스
A020565,바스
A020137,볼루스파
A016694,불스원
A020826,비현
A020236,빈느와
A020973,사그라다
A000811,샤프란
A012592,센트
A020036,소노시즌
A003006,순백수
A003880,스너글
A003533,스멜리
A020972,스테이
A001073,아로마코
A003851,양키캔들
A020017,에이로마
A003866,에이센트
A003224,에프다이어리
A009791,오제티
A017343,온다숲
A001529,우드윅
A002541,위글위글
A020782,위프
A017336,이유즈
A017286,일오오오
A011972,코지모지
A020046,코칸
A004932,콜린스
A015153,타이거다즐러
A003379,토퓸
A003301,팩토리노멀
A000243,페브리즈
A003624,푸리티
A001562,푸푸리
A020227,플랫츠
A020529,피부피부
A020781,피에브
A000276,피죤
A020823,허니플라밍고
A020037,헤메트
A005831,헴(HEM)
A020496,히비
A012652,P
A003447,가든오브라이프
A000150,고려은단
A009335,광동생활건강
A020216,구트할로
A020345,그린스토어
A020583,길팁
A000317,꾸미
A001799,나우푸드
A005712,나트롤
A017337,내츄럴플러스
A000923,네이처메이드
A005871,네추럴라이즈
A020113,뉴네이처
A002420,뉴오리진
A008473,뉴칸
A020126,뉴트리가든
A017335,뉴트리디데이
A002916,뉴트리원라이프
A012692,뉴트리코어
A020537,뉴트원
A006051,니몸내몸
A017174,니아르
A012674,닥터린
A006351,닥터브라이언
A020666,닥터슈퍼칸
A016513,닥터아돌
A020664,닥터언
A020538,닥터트루
A020608,닥터파이토
A017868,닥터프로그램
A012152,닥터프리오
A020125,담백하루
A003421,대웅제약
A020005,대원제약
A017325,데일리
A003099,덴프스
A020624,도펠헤르츠
A014993,라이필
A003878,락티브
A002427,락피도
A000322,레모나
A002690,로트벡쉔
A003805,리즈랩
A009671,마그랩
A020688,마미앤대디
A014212,메노락토
A012332,메디트리
A016793,메리루스
A017137,메리트C
A020443,모어네이처
A009411,미니막스
A003343,바이너랩
A009412,바이오가이아
A020746,바이오렉트라
A003545,베러데이
A020921,베러웨러
A020460,베러유
A002918,베로카
A000689,블랙모어스
A003368,비비랩
A020916,비타
A003899,비타그란
A000375,비타민하우스
A004251,비타바움
A016937,비타슈넬
A001081,비타하임
A017361,상트베른하르트
A020708,설당프리
A000552,세노비스
A020899,세렌
A020751,세비톨
A001785,센트룸
A002891,셀렉스
A003435,셀파렉스
A001300,솔가
A020039,솔티스
A017201,순수식품
A002379,스키니랩
A017573,스파톤
A017098,스포식스
A011192,슬로우글로우
A009251,씨제이웰케어
A005551,아임비타
A009414,아텍스
A003456,안국건강
A005152,애드마일스
A017842,어반버스터즈
A003021,얼라이브
A003257,에스더포뮬러
A004271,에치와이
A006352,엔젯오리진
A010252,엘레뉴
A020051,영롱
A017189,오로라
A003256,오쏘몰
A020628,올더베러
A020006,올키
A021109,옵티젠
A015633,위아바임
A020809,위타민
A003860,이너랩
A014352,익스트림
A020014,일양약품
A005711,자로우
A017319,잠백이
A020686,젠제네틱스
A010771,종근당
A003659,차일드라이프
A020110,캔틴나인
A020222,콴첼
A020022,키즈텐
A009413,태양생활건강
A020052,퍼니트
A007291,프레스샷
A002447,프롬바이오
A016035,핏타민
A020143,하루틴
A014419,한삼인
A001597,함소아
A002691,허벌랜드
A020050,헬퓨
A002376,GNC
A012675,GNM자연의품격
A003215,RU21
A017279,것시스
A017234,고철남
A000374,광동
A002262,그린몬스터
A020551,나티아
A017093,네이처드림
A020003,뉴트리메이드
A020213,뉴트리코스트
A007131,닥터블릿
A020578,닥터하이365
A020015,대웅생명과학
A003658,데이즈온
A017136,동국제약
A001676,듀오락
A011652,디어퀸
A016757,라디메리
A002907,라엘
A002441,락토핏
A020061,랩온랩
A020820,레이델
A009077,려원담
A016778,마이시톨
A020631,멜라메이트
A000966,모닝케어
A003481,바이탈뷰티
A011633,배러
A017236,베스처
A020459,벨나잇
A003597,비에날씬
A010611,삼대오백
A004151,상쾌환
A020821,세레비
A016936,센토메가
A009334,센트럴포뮬러
A020974,슬리플러스
A005053,써큐란
A020024,써큐시안
A016413,아이힐
A000731,아임오
A004111,알디콤
A020433,오마누카
A020494,오슬랩
A003806,웰릿
A020795,위바이옴
A009053,이너시아
A003723,이영애의
A014633,이지스마트
A020676,임팩타임
A020168,있나요
A001709,정관장
A016996,정원삼
A000509,종근당건강
A017237,주당의비결
A012676,지노마스터
A001179,컨디션
A017558,코자아
A015597,테라슬립
A000329,테일러
A007051,트루알엑스
A001594,티젠
A020185,판토모나
A015738,풀무원건강식물원
A020154,풍년보감
A003821,피토틱스
A003434,하이뮨
A002835,한뿌리
A015453,헤밀레
A017800,휴럼
A001723,CJ이너비
A017474,FH
A002343,grn+
A016673,164
A020670,8APM
A018020,가꾸기
A020009,네츄럴굿띵스
A002874,드시모네
A020187,락토바이브
A005151,락토톡
A011332,래디웰
A020197,리부트
A020682,바이오리브
A003366,바이오코어유산균
A003404,비오비타
A020709,비타바이브
A020062,비피오
A017043,비피움
A016777,빌드
A017514,세티밀
A011732,엘레나
A020195,오늘부터
A020165,좋은버릇
A020898,컬처렐
A017214,트루락
A002867,티트리트
A003803,푸드올로지
A013232,프로뉴트리션
A009074,VSL3
A017475,건강한약속
A003428,결콜라겐
A014372,귤메달
A020954,그래니샐러드
A008631,그레인온
A020675,글로우뮤즈
A012374,글루어트
A020690,길티프리해빗
A021006,뉴트리엘
A017861,뉴트리킷
A003494,니드인
A012673,닥터랩노쉬
A020477,대상웰라이프
A017873,델시
A003804,딥트3일
A020424,라벨디어스
A009891,라이블링
A016374,라이킷
A016957,레놉티
A012352,룰더핏
A017872,메디슨벨
A020584,메이큐헬씨
A003841,미궁365
A020303,미에로화이바
A020679,바이탈솔루션
A017324,바이탈프로틴
A003558,바이탈헬스
A020116,베지어트
A015596,베지핏
A009131,벨라미
A002372,뷰티푸드
A010251,비거너리바이달바
A003001,생활약속
A003145,세리박스
A003496,센시안
A002879,센트
A020728,스톰
A020176,아르포텐
A005052,아일로
A003037,에버콜라겐
A003861,에이엠
A017197,영라뉴
A009333,오니스트
A020048,온리추얼
A020058,올더뮤
A017044,요헤미티
A020665,원핏
A002878,위클리랩
A020744,이롬생식
A020594,잘록
A012113,장인정신
A020942,젤라토닌
A011552,줄리스초이스
A003367,칼로(Kalo)
A020553,칼로비스
A000524,코오롱제약
A015673,탄탄
A017281,판도라
A021119,포커스틱
A020579,풀무원식품
A020668,퓨레카
A013214,플랜트
A020560,필리브
A006271,헬스앤뷰티
A008451,헬스헬퍼
A008751,헬시플레이스
A003249,화이트턴온
A017453,가농
A020758,갈부세라
A020902,감동란
A020743,것플렉스
A020989,고기어트
A002201,곡물가게궁
A005651,골리
A003913,그라놀로지
A004773,그래놀라하우스
A020707,그리니팅
A003912,그릭데이
A020291,그린비아
A020518,글로쉬
A020968,김나초
A010892,김칩스
A020530,꼬께레스
A020762,꾸오닭
A001755,낫띵베럴
A016775,네네
A003855,네이쳐패스
A003511,노티드
A020658,뉴베러
A016963,뉴케어
A002405,다신샵
A020970,닥터이브
A017276,단백하니
A020211,달심
A020789,달칩
A002215,담터
A020669,더건강한
A009751,더단백
A020093,데라리타
A020318,데어
A020941,데일리얌
A004413,데일리크레이브
A000234,동서
A020356,드니그리스
A016942,디다
A003361,딜라이트
A018041,뚜띠프루티
A020697,라라스윗
A003911,라메르풀라르
A020180,라아부엘라
A020174,라이프비
A020649,라이프스타일고메
A005192,라티브
A010292,랠리
A001588,랩노쉬
A016796,레디블룸
A014914,로버츠베리에
A000213,롯데
A020326,루드헬스
A020590,루틴프로젝트
A003516,룩트
A020890,리앤핏
A020499,리지스
A020266,림미
A017037,링글스
A020221,마름
A007831,마마메
A003442,마이노멀
A016993,마이밀
A020348,마이프로틴
A020098,마코리티
A002766,만토바
A021116,맘메이크
A020293,매일야채
A000250,매일유업
A021186,맥스셋
A017755,메디쏠라
A020371,몸애쏙쏙
A021160,몽크슈
A003279,무화당
A020104,미니올리바
A020546,미스터빈스
A001262,미주라
A020629,밀슐랭
A016393,밀잇
A020370,바로이즙
A020324,바밤
A020573,바지오
A013255,발보아
A020723,배리웨이
A020478,뱅스
A020357,베가나
A004552,베노프
A020124,베러밀
A020305,베리발
A020632,베리셋
A003415,베어벨스
A020311,베이키드콘
A020580,본디
A020178,볼제너뮬러
A017317,부자
A014833,브래그
A021144,브랜뉴데이
A020691,브리보
A020320,브리튼
A020752,비락
A003917,비브리브
A016945,비비드
A021032,비비드몽타주
A011092,비카인드
A020142,비타비고
A010391,빼바
A020574,뺄리
A020988,쁠랑뜨
A020811,산골이유식
A003403,삼지
A013512,삼진어묵
A020894,샐러디
A020950,샐리쿡
A020581,생과방
A020718,선명농수산
A020656,세끼판다
A020177,세네카
A020750,소이아워밀
A014032,소이조이
A015413,소이프롬
A011352,소휘
A020191,솔리몬
A003563,쉐이크베이비
A020170,슈퍼너츠
A016756,슈퍼브레시피
A014152,스위치온
A020263,스윗밸런스
A020843,스크로치
A020531,시라큐스
A003831,신타6
A006531,쌍계명차
A020984,써니펀치
A003213,쏙차
A016961,아로마
A001369,아몬드브리즈
A020415,아이비앤지오
A003480,아임얼라이브
A021051,알로(Allo)
A021120,알파컷
A014412,야바
A020785,야카
A020844,어니스트그릭
A003854,어메이징오트
A017940,얼티브
A017073,에버봄
A009171,엑스텐드
A020952,엘로아시스
A020818,엘제이드
A002736,옐로욜로
A015433,오다다
A000227,오리온
A016776,오빠닭
A001155,오설록
A003865,오트사이드
A001581,올가니카
A020300,올라잇그린
A020572,올리바즈모
A020434,올리비바
A017841,올반
A004451,울트라잇츠
A021002,웨이크업콜
A020935,위시어
A001791,위트빅스
A016693,윔다이어트
A020358,유로푸드
A021033,이너플로
A004634,이노센트
A020791,이더스
A020097,이데아뉴트리션
A020937,이롬두유
A020422,이야이야앤프렌즈
A010893,이지프로틴
A001564,인테이크
A010211,잇더핏
A003438,잇츠베러
A020936,자연공유
A001192,자연원
A005312,작심랩
A020722,저스트그린
A000021,제일제당
A020908,존쿡델리미트
A020770,주스앤그로서리
A015214,주스의정석
A021038,짐버
A020765,착즙하는
A003485,청정원
A002726,청춘농장
A011532,체인지핏
A020598,카인다바이트
A002823,칼로바이
A001185,커피빈
A020128,코어리지
A020655,콥스
A020749,크각크각
A017318,크런틴
A020102,크리스프파워
A020503,클로스터
A004211,클룹
A020096,키토유
A020514,키토제니
A017355,타이거모닝
A020704,탄단지박스
A001752,테몰
A017433,테이크핏
A020533,토레스
A000951,티카
A017882,티퍼런스
A020757,틴틴즈
A003879,팜밀리
A000937,팝코너스
A020100,팝타임
A004412,패밀리아
A016755,펄스랩
A015454,페어리레시피
A020527,페이퍼백
A020756,포스트
A002801,포지타노
A021000,포케올데이
A020657,푸드렐라
A016774,푸라닭
A020897,풍심당
A010952,프로티원
A003902,프로틴방앗간
A003607,프롬잇
A020495,프루트립
A017280,프티봉
A009731,플라이밀
A020117,플라하반
A021042,플루니
A014033,피키타카
A020845,하림
A003872,한끼통살
A020127,한손한끼
A002977,허닭
A017613,헤이N
A016935,홀베리
A000252,후디스
A000133,후지야마
A017275,히트워터
A003392,CJ비비고
A013892,DJ&A
A020210,NS프로틴
A020904,감자밭
A020895,강릉초당순두부
A014415,경기떡집
A020626,굿무디
A020971,그래인스쿠키
A020164,그레터스
A002589,그로서리서울
A020094,그리카야
A005193,기화병가
A005251,꼬모쎔쁘레
A021135,나나오
A001134,나트라
A000217,남양
A020851,너즈
A004774,널담
A014153,넛츠팜
A020829,넛츠피아
A000219,네슬레
A001582,네오크리스피롤
A020780,네이처레스큐
A020019,네이쳐스가든
A017653,네이쳐스베이커리
A000246,농심
A001396,누텔라
A020638,뉴믹스
A014374,뉴트라라이프
A020555,뉴트리크라프트
A020650,니씬
A021073,닌지옴
A021111,다시다
A020563,닥터뉴지온
A021092,대한주가
A002257,댄케이크
A005431,더
A004772,던킨
A002243,델리황
A021066,도제식빵
A020701,디아블로
A020325,디에토렐레
A021182,딜라잇가든
A021136,라그노
A020660,라이킹
A000990,레옹
A002351,레이즈
A005294,레인코스트
A020864,로로멜로
A021001,로사나
A000521,로아커
A000522,로투스
A021049,롯데웰푸드
A020144,루덴스
A020108,루트인
A020802,룰루맘
A020568,리얼얼스
A000229,리콜라
A000523,리터스포트
A020930,마루토
A020981,마마샌쿠
A021003,마음이가
A020375,마이
A000593,마켓오
A020830,맥비티
A020261,맥파이앤타이거
A002244,머랭디저트
A000251,메이지
A000240,모리나가
A002959,몰티져스
A020554,몽스
A020592,몽콩
A021101,묵끄럽
A021086,미니멜츠
A020653,미스터
A020319,미카쿠토
A003039,밀카
A020881,밀크앤허니
A013012,밀크클래식
A003699,밀키요
A020464,바니니
A020095,바클리즈
A001255,박카스
A020321,반두아
A011712,발센
A004771,배스킨라빈스
A016733,베키아에누보
A003592,벤앤제리스
A012892,벤토
A003577,보라티알
A020262,볼비
A017188,봄날엔
A002199,부르봉
A010792,부샤드
A021081,부창제과
A009952,비그레인
A017315,비달
A020763,비바니
A013312,비비카
A020092,비빌
A020304,비오데타
A004531,빌리엔젤
A001039,삼양식품
A000630,생미쉘
A020767,샤오커오라
A020099,세라
A001195,세븐디
A021132,세이카
A020547,세이키
A001825,센자쿠아메
A020862,소부당
A020962,쇼코실록
A017614,수오미
A007651,수플린
A015440,쉐일라지스
A020059,슈퍼말차
A020482,스내픽
A010972,스낵스
A021084,스니커즈
A017316,스위즐스
A017282,스키틀즈
A014794,스톡메르시
A000573,스톡웨더스
A020854,신세계푸드
A001270,씨제이프레시웨이
A014413,아리랑오븐
A021057,아리울떡공방
A000766,아미카
A000528,앤디스
A001565,야미얼스
A020550,양반김
A021122,에브리데이즈
A020115,엔업
A020875,엔제이
A003547,엠오이칼
A020998,연세유업
A020307,오뚜
A003327,오레오
A014418,오쁘띠베르
A021074,오크베리
A001653,오키오
A020659,오하루
A010191,온브릭스
A020948,와카오
A020983,왓더파머스
A020026,요시나
A012375,요즘
A020209,워커비
A020855,워커힐고메
A020652,웨이롱
A001569,위니비니
A020741,위토스
A020990,유얼거트
A021129,유우카
A004411,이네센스
A021137,이치오카
A021138,이치후지제과
A003543,이클립스
A014674,이토비스킷
A000610,임팩트
A020792,자연다움
A020794,자일라
A001275,자케
A020944,정남미명과
A003839,정새우
A001305,제니베이커리
A021079,제로담
A020648,제주
A013213,젠젠
A014073,조이
A020308,졸리
A020661,줄리스
A020695,쥴스
A020790,착한상점
A014414,창억
A021082,청담쫀드기
A020975,청우
A020764,초코헬스
A017175,츄퍼
A020816,치즈앤푸드
A020737,칩스서울
A020226,카수가이
A020805,카카올라
A020696,카토
A006851,칼파제르
A013093,캇예스
A020663,캐기
A000258,캐빈디쉬
A016856,캔디키튼스
A020705,케이첩
A001634,코코몽
A010791,코피코
A000833,콤비타
A020208,콤파스
A001583,콩절미
A020520,쿠보타
A002471,퀼리
A020784,크리스프코넛
A021022,키드오
A001060,킨더
A002330,킷캣
A011933,타카라
A021037,터키힐
A006811,토니스
A001260,토쿠노
A000680,트롤리
A001211,트윅스
A020455,파제르
A000587,펄몰
A000255,페레로로쉐
A010731,포지타노레몬
A016964,폭스
A001198,프레첼
A020034,플로에
A003309,플립즈
A016754,피에노
A018045,피에로구르망
A001577,핀크리스프
A000261,하겐다즈
A001074,하늘처럼
A020771,하루견과
A000534,하리보
A002576,한입찐콩
A020999,해아람
A020544,해피빌리지
A000259,허쉬
A006792,헌터스
A001177,호올스
A020788,화과방
A021071,훼밀리인터내셔날
A020556,GU에너지
A001679,HBAF
A020329,ICKX
A021134,MD홀딩스
A020361,가루선생
A010172,고:굿
A020903,곡물도감
A021189,공차
A010231,굿모닝굿나잇
A002446,김재식
A002787,꽃을담다
A017076,꾸꼬
A007451,나랑드사이다
A003718,네스카페
A009851,노슈가
A020251,누리
A021103,닥터딜리온
A020519,당쉼
A020960,더그린닷츠
A007331,도밍고
A021085,돈시몬
A000244,동아오츠카
A020207,두유본색
A021056,딜리트코
A007472,라인바싸
A003580,랩씨앤씨
A001419,랭거스
A012772,런던프룻앤허브
A020505,레오
A020885,로하
A020249,르루
A020027,리퀴드데스
A020991,리퀴드아이비
A003262,링티
A021095,링포텐
A003737,마이너피겨스
A002534,말리
A004172,매드바닐라
A020463,매트
A020429,맥코이티
A020260,메달리스트
A020570,메디카코리아
A001379,모구모구
A020724,모모스커피
A020766,모션
A021173,몽베스트
A021021,밥스누
A002530,백산수
A017077,버드오브프레이
A020454,베가베리
A001078,베지밀
A004611,베질루르
A020646,보난자커피
A017176,봉봉제로
A020647,블렌디
A020545,비비오
A016294,비타민웰
A001516,산가리아
A001409,삼다수
A016073,새턴버드
A020703,센터커피
A020589,셀레스티얼
A007891,셀시어스
A020091,소브스
A020934,소이퀸
A020642,스무비
A020360,스미스티
A000267,스타벅스
A013253,싱하
A020167,아미노바이탈
A001162,아쌈
A020219,아임낫커피
A017078,어프리데이
A020822,얼티밋포텐셜
A020217,에이미원더
A020103,에이티
A020702,에프파이브
A017075,여왕의
A020250,오스떼
A020468,오트몬드
A017074,오피아
A020977,오필리
A020194,올라
A020203,올헬씨
A000218,웅진
A020202,워터라이트
A001538,웰
A020427,유기농
A001820,이로하스
A020306,이솔라비오
A017096,이쉬
A003363,일리
A000351,일화
A020561,임프레스드
A020248,잉카
A001137,장수농가
A006411,쟈뎅
A020509,주스업
A020542,진젠
A001613,청담식초
A017095,초야
A020726,치포레스트
A020907,카누
A004792,커피앳웍스
A000254,코카콜라
A020586,코코랩
A020218,콜드티브루
A020426,쿠스미티
A020193,크라스탄
A002875,크리스탈
A020442,크리스틴
A020439,클리퍼
A020510,키토핏
A020715,킬로리
A012752,타바론
A020549,태초수
A020730,테라로사
A020428,테일러스
A004431,테일러커피
A020189,테틀리
A003315,톡투허
A000705,트와이닝
A021014,티킷
A020982,티플레이스
A001511,파스퇴르
A020425,팔팔호랑이
A017177,펑키몽크
A020500,포나
A017473,포미
A007471,포카리스웨트
A020114,퓨어포커스
A020645,프라임
A020377,프로퍼마켓
A020747,프리티
A003918,프릳츠
A017094,플로렌티나
A020552,하이드라라이트
A006791,하타코센
A020190,햄스테드
A020621,헐그리
A021063,헬씨올리고팝
A020423,호랑이건강원
A020863,후버
A020421,A.C.
A018044,A2
A020440,T2
A021068,겐코
A017326,고넛츠
A020564,고맙당
A002556,광천김
A020437,구스티
A020603,굴리엘미
A020238,굿굿
A020838,그랑도르
A020192,그로브
A020253,너츠굿
A020198,넛셰드
A020535,넛츠그린
A020671,네이처빌
A021069,닛신
A020476,다보
A021102,데이웰즈
A020400,데헤사
A020471,딜리노쉬
A020419,라베키아
A020436,라비다
A020409,라투랑겔
A020588,라파엘살가도
A020106,랑네제
A020469,레미레미
A020430,레오나르디
A020840,로다스
A020107,륀드미엘
A020759,리고
A003719,리오마레
A021013,마더스사운드
A002352,매크로통상
A020532,메리디안
A020316,멘즈앤가서
A020470,멜린다
A020265,모니니
A020010,미오솔
A020406,밀리언버드
A020431,발더라마
A020783,백설
A020836,베터버터
A020414,벤튜리니
A020835,벨지오이오소
A000544,본마망
A020264,빈크런치
A020793,뽐떡볶이
A020105,사브로소
A020924,상하키친
A020465,샘표
A020869,서울소스
A020401,수프리모
A020474,스퀴진
A021076,신신라멘
A021180,쌀명당
A020404,씨엘로
A020402,아이레스
A020410,아체타이아
A020109,아코로얄
A020252,안단잼
A020602,알마자라스
A021072,야마야
A021151,예찬원
A020672,오넛티
A000335,오뚜기
A020413,오로바일렌
A021067,오타후쿠
A020372,올록담
A020630,올비아
A020969,올핏
A020256,옳곡
A020412,옴파키온
A020814,요뽀끼
A020418,이리아다
A020171,자유
A020896,종가
A020607,주세페주스티
A021210,즐거운동행
A020775,채담카레
A020179,카르보넬
A020420,카스티요
A020441,카필라노
A020438,코스타도로
A020417,콰트로치오키
A021075,쿠바라
A020416,클라라문트
A020587,클레멘테
A020074,탱글
A016933,파미고
A020065,팔도
A020411,푸에르타
A020435,프리오르데이
A020141,플랜티
A020473,피넛버터앤코
A020605,피쿠알리아
A020491,핀카듀에르나스
A020727,핀톨라
A020479,헤로
A020403,헤리자
A020172,헬리오스
A020508,홀썸위크
A020604,히스파수르
A021170,히피스베이글
A003393,CJ고메
A020893,JCDM
A020839,MLC
A014172,루비락
A001183,베베스트
A020914,베베쿡
A003013,압타밀
A020915,엘빈즈
A020876,프레벨롱
A003596,힙
A000365,넥스케어
A017357,닥터빼
A011572,닥터웰메이드원
A003755,닥터플리너스
A009032,듀오덤
A003206,스노우투플러스
A010291,아르페
A002803,아크로패스
A010651,에셀라이트
A001476,엘라밴드
A020347,온슬로
A010532,옵티팜
A002184,이지덤뷰티
A003916,큐어시스
A016493,하피도피
A000894,가디언
A017181,고바야시
A011634,굿잠
A020278,그리핏
A015113,네츠사마시트
A020181,도나윌슨
A020086,디어리얼
A000983,랩피토
A020963,레미디랩
A017900,릴랙스큐
A003636,메디니스
A001191,메디힐리
A001056,멕리듬
A020493,모어하우스
A003193,바나실
A001561,바른생각
A018043,부엉이
A020313,부이
A009056,블루필
A020946,사라사라
A015873,셀버린
A020008,스포츠브라더스
A003195,슬로우랩
A020173,쏭크
A002521,알로
A010752,에버조이
A000946,엔젤리즘
A016834,오색약손
A001879,온감테라피
A003349,잉코
A003252,잠스트
A002926,제스파
A020498,카오코
A001868,트라택
A016934,파스텔
A020077,포렌
A020986,프로젝트슬립
A020025,하루온
A017578,헬로아이즈
A016614,헬로프로젝트
A016174,현미온미
A003877,휴비딕
A000795,휴족시간
A001445,휴족휴면
A020917,QQRT
A016553,고요
A000233,깨끗한나라
A006691,노즈
A002444,노즈스위퍼
A003263,더마틱스울트라
A003817,디스크랩
A001696,라타타
A003560,루이
A000291,리뉴
A002655,리앤웰
A003082,리큅
A000323,메디폼
A020947,모델로
A017187,모키토
A020980,무찌
A003760,미마
A000600,바이오트루
A020958,버그넷
A017135,버그엑스
A017323,벅스케이프
A000332,보스톤
A014494,솔루메디
A003783,시카슈어
A021172,신신제약
A003056,아에르
A002794,아이아쿠아
A003472,애니가드
A002654,앳플리
A003341,에어워셔
A020651,에이알씨
A000326,옵티프리
A017213,웰247
A020867,위케어
A003882,이지숨
A014092,인바디
A002991,자이스
A003915,존슨에프킬라
A002373,코빵밴드
A003761,코에픽
A003722,클리어씨
A002432,타이거밤
A001497,포이시안
A001499,프렌즈드롭
A020956,플라잉웨일즈
A000170,해외개발
A014934,가핏
A020654,끌리메
A020355,나보소
A003548,놋담
A017040,다이어트학교
A020362,달루
A002434,렉스타
A013352,르마하
A002689,무로
A021039,무탈
A016874,바디파인
A021044,바디프랜드
A008971,바디핌
A020513,바르너
A016253,바리바디
A017538,반테린
A003700,발란스핏
A020852,밸롭
A020063,볼렉시
A020349,블루잉
A009732,비브아
A000853,선패밀리
A002976,숀리
A017116,스파알
A004011,스포틀러
A020540,슬룸
A014994,슬리피솔
A000971,슬림워크
A002323,아디다스
A003308,에르고바디
A016615,에이더
A002450,오야마식
A020824,올메라
A003057,원더워크
A003838,이고진
A012792,재미어트
A014495,칼로(CALO)
A000373,코지트
A002741,트리거포인트
A020351,포렉스
A003277,플로우7
A003253,하빈져
A010371,핫서클
A000236,후투로
A016713,휴그랩
A003453,휴플러스
A017559,SNPE
A003605,가네샤
A020866,더스크랙
A001867,세라밴드
A017055,오버더
A002927,차이
A003816,핏분
A021029,노니오
A017394,닥터치카
A000914,닥터텅스
A012092,덴클
A000151,덴탈프로
A009551,덴트릭스
A000422,덴티스테
A010471,라이브오랄스
A012677,러듀얼
A002544,루치펠로
A006031,리브러쉬
A000155,리치
A000156,메디안
A002826,뷰센
A012377,뷰카
A001675,뷰티포뮬라
A001802,생활도감
A003411,솔트레인
A000972,시스테마
A003251,쏘두위
A000103,쓰리엠
A000028,씨제이라이온
A013552,아이
A009191,아쿠아픽
A001731,에비스
A020909,에이카랩스
A000162,오랄비
A003554,올커니
A003424,유시몰
A017186,유키위
A002946,작트라이온
A000166,조르단
A011492,치공
A003491,카피타노
A001782,켄트
A020773,코랄리에
A000708,콜게이트
A003883,큐라덴
A021028,크리니카
A000168,크리오
A008431,클로브덴
A005311,투스노트
A021114,투스잇
A020627,티치카
A001615,퍼지락
A000169,페리오
A020889,프레민트
A001487,플랙커스
A009592,하이퍼
A020040,HR
A000148,2080
A000149,가그린
A014573,검가드
A020237,닥스메디
A020888,덴티마마
A018047,덴티본조르노
A008471,라울루
A016273,라카루트
A002410,레드씰
A003507,로로벨
A002724,마비스
A009054,민티드
A016433,브리올
A005351,빠이러스
A000171,센소다인
A000159,시린메드
A000161,암앤해머
A020939,윈플렉스
A005531,젠티스트
A017013,죽염
A008031,클라이덴
A002981,테라브레스
A003643,투스티
A021145,파로돈탁스
A021015,퓨리븐
A017235,프로벨
A020451,화이니카
A003508,1950
A020871,닥터내츄럴
A003469,라덴스
A000333,리스테린
A003778,모과글
A021018,브리쎄
A017880,아피스플로라
A017373,오리진에이
A017333,오바이오틱
A002930,잇퓸
A010253,자일리톨스톤
A017134,제로가이드
A016916,쿨리타
A016196,키들
A013972,폼글
A021017,피터페러
A014653,화이트랩스
A020673,닥터피엘
A020938,덴티미
A001488,오라세이프
A005734,트로마츠
A000282,나트라케어
A001789,내츄럴코튼
A006711,단색
A003467,디어스킨
A002767,라네이처
A002933,르프레시
A004933,마른파이브
A010331,마리솜
A010671,마이디어
A015234,블루블루
A003549,산들산들
A004934,소이로움
A001286,순면본
A002320,순수한면
A002900,시크릿데이
A004971,싸이클린
A000289,쏘피
A008311,에어퀸
A000269,예지미인
A021020,오닉
A003066,오드리선
A016153,이너생각
A006991,이브네
A020467,이지엔식스
A001843,잇츠미
A000174,좋은느낌
A009991,지혜
A003063,청담소녀
A000178,템포
A003555,티읕
A015235,프레셔스
A012232,프리너
A014512,하얀하얀
A004972,한나패드
A003260,해피문데이
A020483,허브데이
A012252,혜
A000173,화이트
A016173,나이틀리나이트
A001788,디오넬
A003644,라라로즈데이
A010591,마더니아
A003026,맑은그날
A003822,메디온
A001877,미스미즈
A003566,바솔
A000930,사포렐
A003034,세이브
A000121,썸머스이브
A000368,쎄페
A017757,애프리
A009072,이너감
A009011,이너수
A017117,이로하
A002890,인클리어
A004513,지노렉스
A020725,지노큐어
A003007,질편한
A017185,칠리
A006011,카엘라
A007251,턱스
A010571,팬톡
A002239,펨프레쉬
A020031,로마(Loma)
A016133,리얼촉촉
A020466,부르부르
A000912,사가미
A010831,슈얼리
A005111,아머
A014472,오삼바이
A006511,윙크
A003665,이브
A000114,이체크
A005571,체레미마카
A015233,초감각
A017574,케어
A002508,케어허
A003391,퀸001
A001853,텐가
A002509,SKYN
A020032,리리러피
A007911,선악과즙
A001165,아스트로글라이드
A020774,애니타임
A020932,라보
A020310,얼리퀵
A001079,원포
A003489,휴마시스
A017713,나비잠
A003484,네추럴블라썸
A003207,디펜드
A020206,밤부베베
A000249,보솜이
A017191,슈퍼대디
A000167,엘지생활건강
A017866,쿠잉
A007311,킨도
A008511,팸퍼스
A021007,페넬로페
A000281,하기스
A017593,레노바
A003610,바스틀리
A021050,브라운물티슈
A017634,블루나
A020848,산리오
A003229,스카트
A000271,아토마일드
A010751,앙블랑
A020933,웜리
A003856,템포(티슈)
A017694,프랭클린
A017196,한예지
A011992,감탄브라
A014893,고블린웨어
A008811,글램모먼트
A003828,나른
A020662,누브라
A003890,더잠
A001628,데일리라이크
A016975,도로시와
A016198,레드싹수
A003271,리무브
A015533,리투
A014272,리플러츠
A002587,림드
A015439,모그라미
A017539,모무
A006391,미언더
A003885,바디코
A003813,방탄꼭지
A008551,베리시
A009293,비브비브
A012972,비비안
A009491,샤이언스
A015393,수푸이
A002494,슬림9
A017553,아나콘다
A014513,엣프터
A010071,원더브라
A016974,카파
A003312,컴포트랩
A016954,코닥
A016674,크로커다일
A016955,키르시
A017737,펠로아펠로
A017863,포에버21
A016956,푸마
A018046,플라이코지
A017253,해즈소울
A012932,호라호
A014213,휘게
A021005,네거티브
A000263,닥터숄
A020196,도씨
A020166,떰토
A015133,레고트
A020233,레이지지
A015853,리핏
A020620,미노항코리아
A020080,믹스앤매치
A002309,바디럽
A020828,바쿠
A014593,벤시몽
A002345,보국
A014853,브랜든
A000235,비너스
A020353,삭스업
A020302,삭피엔스
A002963,선미몰
A003083,송월타올
A000925,슈티커
A020188,스토크
A003675,시크릿레스트
A000338,싹스탑
A011872,썸무드디자인
A020350,씨이피
A020259,씨투스포츠
A016953,아이코닉
A007071,아이헤이트먼데이
A017292,아츠기
A020246,앵브록스
A002899,어프어프
A021131,얼모스트블루
A020184,오드삭스
A017000,오르시떼
A011614,오첵
A020057,오카모토
A000639,올리브영
A020992,올리브영
A014953,클램
A020993,택플로우
A020976,테비
A010872,텐바이텐
A020121,파스텔라
A003889,폴프랜즈
A020149,푸펫
A020548,프론투라인
A020591,하이타이드
A014873,WPC
A017014,아이엠클레어
A020905,허그본
A020328,댄스온더플로어
A021009,루나루즈
A002786,룸앤홈
A020736,보웰
A021024,세이드
A020515,오프아워
A021023,주디앤
A002871,국제전자통신
A021113,네스카페
A005632,네스프레소
A021108,다룸
A016913,드리미
A008472,루메나
A002168,마샬
A020614,모온
A016914,모즈스웨덴
A015813,미닉스
A020156,미로
A016353,미홀
A020502,번개표
A001315,보만
A007072,브리타
A001296,샤오미
A000482,소니
A017673,슈틸루스터
A020235,실리만
A000581,아이리버
A003832,에브리봇
A020912,에어메이드
A020162,엠지엠씨
A020882,오디오테크니카
A010711,이메텍
A003588,제네바
A001215,카카오프렌즈
A003355,테팔
A015739,파세코
A003356,플랜잇
A020995,필립스
A012452,DJI
A020139,글로벌나이프
A020517,날진
A020623,다트콜렉티브
A020994,데켓
A002657,락앤락
A020134,레만글라스
A020322,롤리롤
A008352,르난세
A017180,리빙크리에이터
A021200,릴팡
A020317,멜로즈샵
A020076,바겐슈타이거
A017338,바나코
A020087,밧드야
A020257,볼트렉스
A020135,브레드메이어
A020633,삼작소
A020965,셀렉트100
A020089,스칸디나비안
A017155,스크럽대디
A020625,스타우브
A014074,스탠리
A020220,아르노글래스
A003881,아보드
A003338,아이수
A003620,에델코첸
A003081,에이비라이프
A020779,에지리
A020612,엔에프락
A016197,오덴세
A020873,오엠지세라믹
A016773,옥소
A020745,올리브베러
A017334,위코워크
A020874,이미저리
A020776,이오테
A020133,장네론
A020088,정희진도자기
A020611,집탑
A020641,카락터
A003972,코아코아
A020312,콜리
A020231,퀄리
A020492,크로우캐년
A015456,킨토
A020132,트위그뉴욕
A020536,플로피
A017289,픽싯
A014112,하이드로
A020609,한국도자기
A020501,후카후카스튜디오
A020856,1537
A020596,그리
A011052,누잠
A020825,더닷
A020083,라튤립
A020081,레미제이
A020447,루미르(조명)
A020215,리튼
A020331,마와
A020230,버금메이킹
A020716,볼타
A020710,브라운(리빙)
A020148,비믹스
A020138,수면공감
A020214,쉐누아파리
A005891,스노우폭스
A017693,슬립앤슬립
A020228,시유하다
A020084,아르떼미데
A020711,에어리어웨어
A002676,에이플럼
A020857,엘레피
A020637,웜그레이테일
A020967,제로어클락
A020082,키리키리리빙
A020593,팀브레
A020183,팔라셋
A020232,폴크
A020497,프랭클리
A020078,프루웨
A020085,플로스
A004191,호무로
A020706,홉티미스트
A003876,더
A003630,디에일린
A002842,비타스파
A006052,시프트
A016753,아쿠아듀오
A020234,오디너리라이프
A020147,35모먼트
A020070,런드리서핑
A017139,로드몬스터
A001762,베비언스
A020332,스빈또
A020951,스폰텍스
A020884,시미토리
A017607,싹스틱
A002952,에코두
A003380,욕실의여왕
A015438,터블
A000340,테크
A004453,프로쉬
A001544,피지
A001865,필루니크
A002745,건강백서
A001940,고
A010423,고래패드
A002547,금강아지
A001898,나우
A010420,냥쌤
A001890,네츄럴코어
A010422,닥터설
A002661,더독
A002563,더독
A003586,더리얼
A005733,덴탈라이프
A003098,듀먼
A002643,르칙
A010419,무무
A003751,바잇미
A010413,베터
A002609,베펫쿠션
A004512,보양대첩
A004671,브이펫
A000346,서울우유
A010414,소프트릿
A002270,시리우스
A002010,시저
A002639,아이맥
A002033,에버크린
A001904,에티펫
A005058,오리젠
A003842,윌로펫
A002053,이나바
A002056,이츠독
A010417,인섹트업
A010416,잇츄
A002086,템테이션
A004732,팬시피스트
A003317,퍼피아이
A002548,페슬러
A017192,펫생각
A002670,펫토리아
A010421,포우장
A001884,포켄스
A002538,푸디웜
A004731,퓨리나
A004733,프리스키
A010412,플라고
A002551,한끼뚝딱
A002594,한발뚝딱
A002951,한삽뚝딱
A002564,한입뚝딱
A002612,한장뚝딱
A002593,한층뚝딱
A002638,한칸뚝딱
A002606,한탭뚝딱
A002614,한판뚝딱
A010415,헤이테일
A003045,미니웨어
A003228,본토이
A002953,스와비넥스
A003226,야마토야
A002955,치키촘퍼스
A021048,누리플러스
A021194,레고
A020721,망그러진
A021195,실바니안
A002507,엘라고
A021030,팜팔스
A020205,포인트오브뷰
A017874,SPM
A020285,델리
A011613,루카랩
A012793,리코더팩토리
A020901,미니덕트
A012172,소소문구
A017758,DICON
A021106,ZO&FRIENDS
A003757,닌텐도
A001295,로지텍
A020847,보스(BOSE)
A000094,삼성
A017606,소유마실
A000209,에너자이저
A001025,웰릭스
A004452,인스탁스
A016915,한성컴퓨터
A002796,QCY
A006171,미니레코드
A012472,베이비몬스터
A009051,제로베이스원
A020223,&TEAM
A020452,AHOF
A016917,ARTMS
A016918,ARrC
A010031,BOYNEXTDOOR
A016533,BSS
A020797,BTS
A020030,CORTIS
A016154,ENHYPEN
A016920,G-DRAGON
A016919,HEARTS2HEARTS
A016873,HOSHI
A017513,ILLIT
A016940,INFINITE
A016941,ITZY
A021187,KATSEYE
A005633,LE
A017753,LEECHANGSUB
A016938,LUN8
A014774,NMIXX
A016653,PLAVE
A020803,POW
A021191,Picheolin
A020072,S.COUPSxMINGYU
A013032,SEVENTEEN
A014773,SF9
A017003,STAYC
A017869,THE
A021184,TRENDZ
A014012,TWS
A012552,TXT
A017605,VIVIZ
A020239,YEONJUN
A016939,YOUNG
A021192,fromis_9
A020462,82MAJOR
