review_id,aspect,sentiment_text,raw_text
1026634,자극성,너무 오래 하고 있으니까 피부에 안 나던 트러블도 생겨서..ㅠㅠ,흠... 생각보다 나쁘지는 않은 제품인데.. 그렇다고 썩 좋지도 않은 제품이었습니다.. 기대가 제가 너무 커서 그랬을 수도 있지만.. 개인적으로는 추천 드리고 싶지 않은 제품이에요 일단 팩 재질이 너무 얇아서 좋지 않아요. 비닐 뜯을 때 같이 뜯어지는 경우가 허다하고 무엇보다 밀착이 잘 되지 않아서 아쉬운 것 같습니다... 그리고 팩 시간이 너무 길어요.. 보통 팩은 길어야 30분 정도인데 이 팩은 1시간을 붙이고 있어야 하니까....하.. 너무 길어서 지루하네요.. 너무 오래 하고 있으니까 피부에 안 나던 트러블도 생겨서.. ㅠㅠ 솔직히 촉촉하고 보습력은 좋지만 나머지 것들이 마음에 안 들었습니다. 별로 추천 하고 싶지 않은 제품이에요~ 다른 마스크팩 사러 가야겠습니다 저는...ㅠㅠ
1030337,윤기/피부(톤),톤 보정이 잘 되어서 이 제품 사용하고 톤업 크림은 사용 안 하고 있어요 ㅋㅋㅋㅋ!!,광채 선크림은 어떨까 하고 처음 구매를 했는데 너무 좋아서 추천 드리고 싶었습니다!! 톤 보정이 잘되어서 이 제품 사용하고 톤업 크림은 사용 안 하고 있어요 ㅋㅋㅋㅋ!! 자외선 차단도 상당히 잘 되고 무엇보다 가격이 저렴해서 좋았던 것 같아요!! 선크림 바를 때 광채가 생기니 일석이조인 것 같습니다!! 뭐랄까 자연스럽게 피부톤이 보정되는 것 같아 좋았어요!! 국화향도 강하지 않고 은은해서 좋았고 바르면 산뜻한 느낌이 상당히 마음에 들었습니다ㅎㅎ용량도 많아 오래 사용할 수 있겠네요~^^ 개인적으로 너무 만족해서 앞으로도 꾸준하게 사용할 것 같습니다!! 저는 다음에도 재주문 예정입니다 ㅎㅎ
1031116,보습력/수분감,세수 하고 개운해지는 청량감 좋은 클렌저로 추천 드리고 싶어요!,전에 사용하던 클렌저가 질려서 새로운 제품을 찾다가 친구 추천을 받고 사용하게 되었습니다! 사용 후기 알려 드리기 위해 작성합니다~ 저는 피부가 예민한 편이라 아무거나 사용하지 못하는데 이 제품은 민감성 피부가 사용해도 정말 좋은 것 같아요! 그 이유는 너무 순하고 자극도 없습니다! 거품제형이 부드러워 너무 좋아요! 용량도 생각보다 많아서 오래 사용할 수 있어 좋았고! 세정력이 좋아서 만족합니다!! 가격만 더 저렴해지면 진짜 더 좋을 것 같네요~ㅎㅎ 클렌저 많은 제품 사용했지만 이 제품이 품질이 가장 좋은 것 같습니다~ 세수하고 개운해지는 청량감 좋은 클렌저로 추천 드리고 싶어요!
1031219,자극성,민감한피부에도 자극적이지 않고,OO 브랜드를 처음 들어봐서 신생 기업에서 만든 제품인 줄 알고 열심히 후기 찾아 보다가 OOO 제품인 걸 알았어요. 다들 OOO 제품인 거 알고 계셨나요??? 처음 써본 제품인데 제형이 부드러운 흰색이라 그런지 피부에 부드럽게 스며들고 민감한 피부에도 자극적이지 않고 화이트닝 기능이 있어 피부가 좋아 보입니다. 백탁현상 있는 제품도 많은데 전혀 그렇지도 않고 피부가 반들반들해진 거 같아요. 그전에 선크림은 피부에 잘 맞지 않았고 마음에 속 드는 제품 찾기도 힘들었는데 OO 선크림 너무 만족했어요.
1032465,제형,거품제형이 완전 부들부들해서,엄마가 계속 몇년동안 사용하시는 인생 클렌징은 바로 OO OOO 클랜져 입니다 ^^저도 한번 사용해 보았답니다~~ OOO 클렌징은 제형이 쫀쫀해서 흘러내리지도 않고 얼굴에 미세한 거품을 만들어 내며 거품이 모공 속 노폐물을 빼내는 것 같았어요 거품 제형이 완전 부들부들해서 깨끗하게 클렌징되고 또 팩도 되어서 세안 후 당김현상도 없이 피부가 보습도 되고 광채까지 와~~우!!! 엄마가 왜 꾸준하게 사용하시는지 알겠어요.저도 팬이 됐어요 ㅋㅋ 정말 강추 !!!!
1034104,피부타입,약건성 피부이긴 하지만 점성이 거의 없는제형이라 여러 번 덧바르면 피부에 수분감을 저축하는 느낌이라 좋아요~,끈적임 없고 가벼운 사용감에 산뜻한 느낌을 좋아하는 저에게 ㅇㅇㅇ ㅇㅇ 에센스가 딱 좋아요! 너무 자랑하고 싶어요~!! 제형이 일단 너무 가벼워서 참 좋아요! 약건성 피부이긴 하지만 점성이 거의 없는 제형이라 여러 번 덧바르면 피부에 수분감을 저축하는 느낌이라 좋아요~ 바르면 피부가 보송보송 해져요~ 바르다 보니 탄력도 생기는 것 같아요~! 신기해서 손가락으로 볼을 꾹꾹 누르는 습관이 생겼답니다 ㅎㅎ 향은 약간 아리송한데.. ㅎ 좀 호불호가 있는 향이긴 한데 저는 나쁘지 않아요. 향에 민감하신 분들은 고려해 보시면 좋을 듯합니다~! 저는 개인적으로 다른 모든 면이 너무 좋아 향은 그렇게 중요한 포인트는 아니더라구요~ㅎ
1023485,자극성,순한 것 같네요 .,흰머리가 아주 제 머리를 지배하는 날들이 자꾸 와서 저도 한참 고민하다가 구매했네요. 제 후기 보여드릴게요~~ 일단 저는 엄마랑 같이 사용했어요! 지인분께서 요즘은 물염색이 유행이라고 하셔서 눈에 보이자마자 바로 구매했네요..! 원래 저랑 엄마가 두피가 약간 예민한 타입인데 자극적이지도 않고 순한 것 같네요. 냄새도 딱히 저희한테는 강하다고 느껴지지 않았어요. 가루제형도 물에 잘 타서 사용하면 사용하기 편하고 괜찮았어요. 용기입구가 작아서 한번에 나오지 않고 조금씩 나와서 저는 괜찮았습니다! 그리고 물빠짐은 사실 이틀 정도 있었지만 그렇게 거부감은 들지 않았어요. 미용실 가서 몇만원 주는 것 보다 훨씬 가성비가 있네요. 가성비 있고 집에서 편하게 하실 분들은 구매해서 사용해보세요~~
1025858,자극성,두피가 민감하신분은 자극적일수 있으니 시간 맞춰주세요.,염색하고 나서 너무 깜짝 놀란 제 얘기 들어보실래요? 저는 밝은색으로 염색하려고 OO 염색약을 샀거든요. 이런 초코브라운 색을 원했어요..!바르고 씻고 나오는 순간..엥? 놀랐네요. 초코브라운이 아니라..너무 밝게 염색이 되었더라구요..ㅠㅠ 초코브라운색으로 발색되는 건 아니였네요..사람마다 기존의 머리색이 있으니 발색이 약간 밝게 발색되었더라구요!!! 그래도 바르면서 덜 자극적이였지만 두피가 민감하신분은 자극적일 수 있으니 시간 맞춰주세요. 초코브라운 생각하고 염색했더니 약간 실망했어요.. 나머지 색상도 그냥..그래요. 미용실 가려구요. OO 염색제 사용해보고 싶으신 분들 쪽지 남겨주세요. 제가 나눔할게요.
1027221,가격,구성대비 이 가격이면 정말 착한 거 같아요.,요즘 어머니께서 머릿결이 너무 자주 빠지신는지 탈모 걱정을 하시길래 구매했습니다. 최근에 머리가 푸석푸석하고 모발에 힘도 없어지면서 머리가 자주 빠지신다고 하더라고요. 머리감고 나면 바닥에 머리가 엄청 빠져있으신 걸 보신 후 충격을 받으셨길래 한번 구매했습니다. 일단 구성 대비 이 가격이면 정말 착한 거 같아요. 게다가 효과도 조금 보신 거 같더라고요. 확실히 이걸 쓴 날과 안쓰는 날의 효과 차이가 있다고 하십니다. 머리가 덜 빠지고 머릿결도 부드러워져서 좋아하시네요. 이 구성품 다 쓰고 나서 하나 더 구매해드릴려고 합니다. 여러분도 저희 어머님처럼 탈모가 걱정이시라면 한번 써보는 걸 추천드려요.
1032202,편의성/활용성,몸 구석구석 바르기가 편하네요~,ㅇㅇ 제품을 쓰다가 가격이 부담되어서 가성비 좋은 ㅇㅇㅇ바디로션으로 바꿔 봤어요. 용기가 펌프형이라 위생적이고 편하긴 한데 펌핑이 부드럽지가 않아서 몇번을 펌프질 하게 되네요 ㅠ 전엔 크림형으로 쓰다가 이 제품은 제형이 로션타입으로 묽어서 몸 구석구석 바르기가 편하네요 ~ 건성피부에는 겨울엔 좀 보습이 부족하다고 느낄 수는 있을 것 같지만 저는 중성피부라 잘 맞는 것 같아요. 크림타입은 좀 무거웠는데 이 제품은 가볍게 잘 발려서 사용감이 한결 깔끔한 것 같아요. 나쁘지 않네요. 용기의 폄프 불량인지 그 부분은 좀 아쉽지만 괜찮은 제품 같아요^^ 쓰던 제품이 지겨울 때 용기 내서 한번 바꿔보아요~
1033346,발색력,제가 하고 싶었던 컬러로 발색이 잘나와서 너무 만족하고 있습니다.,겨울이 돼서 톤다운하려고 구매했는데요. 생각보다 너무 좋아서 처음으로 후기 남깁니다. 저는 염색약이 강하면 하고나서 두피가 아프고 따가웠는데 이 제품은 그런게 없었습니다. 여러번 발라도 따갑거나 트러블이 올라오지 않아서 좋았습니다. 게다가 색이 다른 제품들보다 어두워서 톤다운이 아주 잘됐습니다. 제가 하고 싶었던 컬러로 발색이 잘 나와서 너무 만족하고 있습니다. 꼭 필요한 구성품들도 다 들어있어서 편하게 잘 할 수 있었던 거 같네욯ㅎ 가격 대비 이 구성이라면 정말 완벽하다고 생각합니다. 완전 강추해요!!
1030078,색상,ㅇㅇ 색상이 가장 맘에 드네요.,안녕하세요~ 오늘은 참 날씨가 화창했지요~ 이런 날씨에 어울리는 ㅇㅇㅇ 틴트를 들구 와봤어용! 틴트 유목민인 저는 항상 다양한 틴트 중에서 이번엔 뭘 사볼까~하는데 이번엔 이 제품을 구매해 보았습니다! 촉촉한 틴트라 바르면 광이 납니다! 근데 요즘 핫한 유리알 광택 느낌은 아니니 참고하세요~! 촉촉한 틴트는 자칫 잘못하면 뭉쳐서 요플레 현상이 일어나기 쉬운데 이 제품은 그렇지 않아서 좋아요ㅎㅎ 다만 쓰다보면 케이스 때문인지 내용물이 점점 샙니다. 혹시 모르니 꼭 파우치에 넣어놓고 다니세용. 여러분들은 무슨 색상이 가장 맘에 드시나요? 저는 ㅇㅇ색상이 가장 맘에 드네요.
1030577,피부타입,지성 피부인데 이 쿠션 사용하면 유분기를 잡아줘서 너무 좋은 것 같아요!,최근에 사용해본 쿠션인데 왜 OOO이 유명한지 알 수 있었어요!! 정말 사용감이 너무 좋은 것 같습니다~~ 추천 드리고 싶어요!! 저는 지성 피부인데 이 쿠션 사용하면유분기를 잡아줘서 너무 좋은 것 같아요! 지성 피부에 추천 드리고 싶습니다!! 촉촉하기까지 해서 가을 겨울에 사용하기 좋은 제품인 것 같아요!! 피부 기름기도 확실히 많이 없어져서 좋은 것 같아요~ 커버력도 너무 좋고 마스크에 묻어 나오지 않아 좋은 것 같습니다!! 피부 표현이 너무 예쁘게 되어서 만족합니다!! 쿠션은 역시 OOO입니다!! 앞으로 저는 이 쿠션만 사용할 것 같아요!! 품질 최고입니다~
1035033,커버력,원하는 커버 효과는 전혀 없더라구요…,"뷰티 유투버분들이 하나같이 다 이 제품을 극찬하길래 너~무 궁금해서 구매해 봤습니다! 후기 올려 볼게요~ 저는 입술 라인이 별로 예쁘지가 않지만 립펜슬을 사용해 본 적이 없긴 해요. 기대하면서 사용해 보았지요~ 저는 입술 안쪽에 착색이 유달리 잘 돼서 이 부분을 커버하는 용도로 구매를 한 건데, 제형 자체가 밀착되는 제형이 아니라서 그런지 원하는 커버효과는 전혀 없더라구요… 그리고 건조해져서 각질 부각이 되고 발림이 안 좋은지 주름 끼임이 꽤 있는 편이어서 입술 안쪽에는 절대 사용하면 안 될제품이네요…ㅎㅎ 착색 커버용 립펜슬 찾으시는 분들은 이 제품 절대 비추에요!!"
222860,피부타입,피부가 극건성 특이 체질이라 기초화장품을 오래 쓰질 못하는 데트러블없이 아직은 아무탈 없이 잘 사용하고 있습니다,피부가 극건성 특이 체질이라 기초화장품을 오래 쓰질 못하는데 트러블없이 아직은 아무탈 없이 잘 사용하고 있습니다
311345,지속력/유지력,지속시간도 길게 유지되네요.,아침까지 촉촉해서 좋은 것 같아요. 가격이 저렴해서 기대하지 않았어요. 악건성인 분들께 추천합니다. 가격도 저렴하고 지속시간도 길게 유지 되네요. 제피부엔 안성맞춤입니다. 이틀 사용해본 결과는 만족스럽습니다.
311472,흡수력,"끈적이지 않고,","제꺼랑 아들꺼랑 구매했어요. 끈적이지않고,정말 촉촉하고 좋네요. 아들이 워낙 로션등 크림을 안바르려고하는데 이제품은 잘 바르고있어요. 꾸준히 재구매해서 사용하려고하네요."
311516,보습력/수분감,보습력도 좋을 것 같습니다.,건조한시기가 다가오네요. 발림성도 좋고 보습력도 좋을것 같습니다.
311979,발림성,"발림성도 좋고 ,","OOO크림을 처음 사용해보는데 발림성도 좋고, 흡수가 잘 되서 생각외로 좋습니다."
312491,용량/개수,"양이 많아 듬뿍 바를수 있어 좋고,","가격 부담없어 좋아요. 양이 많아 듬뿍 바를수 있어 좋고 ,향도 많이 진하지 않고 은은하네요. 끈적임은 많이 없어요. 제 피부에는 나름 잘 맞는것 같아요."
313150,기능/효과,ㅇㅇㅇ 제품 하나 바르는게 여드름피부가 좋아지는거같아요.,스킨로션 다 바를 필요없이 ㅇㅇㅇ 제품 하나 바르는게 여드름 피부가 좋아지는거같아요. 근데 가격이 좀 비싸네요.
313242,피부타입,건성이신분들은 여름용으로 추천합니다,로션은 바른 후 너무 가볍네요. 환절기나 겨울에는 단독으로 바르는 것보다 다른 에센스 종류를 같이 발라야 할 것 같아요. 여드름은 나지 않고 아주 좋네요. 데일리용으로 사용하시고 싶은신 분들이나 건성이신 분들은 여름용으로 추천합니다.
313467,기능/효과,여름에도 부담없이 바르기 좋습니다,무향에 가까운 것이 마음에 듭니다 부드러운 발림성도 마음에 드네요 묵직하지 않은 제형이라서 여름에도 부담 없이 바르기 좋습니다. 겨울에는 이 로션에 다른 수분 크림 살짝 바르면 될 것 같네요
313593,피부타입,악건성피부인 저는 OOO 로션을 여러번 두드려 바르면 촉촉함이 오래 유지되네요.,"OOO은 온 가족이 데일리로 쓰기에 너무 좋네요. 사용감이 가볍고 순하기 때문에 계속 쓰고 있고, 저자극이라 안심하고 매일 쓰고, 악건성피부인 저는 OOO로션을 여러번 두드려 바르면 촉촉함이 오래 유지되네요. 온가족 데일리로 가성비 갑입니다. OOO 강추하네요."
313596,피부타입,OOO크림바르는것보다 이렇게 바르는게 건성한테 더 좋은것같아요,크림보다 발림성이 좋네요 약간 묽은 제형이라 속건조에 좋아요 건성인데 겨울에 두세번정도 덧바르면 크림 안발라도 되더라고요 OOO크림 바르는 것보다 이렇게 바르는게 건성한테 더 좋은것같아요
313623,보습력/수분감,보습력이나 발림성은 끝내주기때문에,매번 만족하는 제품이에요. 행사 하면 또 사야겠어요. 순한 제품이 필요해서 쓰기 시작했는데 트러블 없이 잘쓰고 있어요. 아기한테 발라도 순해서 문제없네요. 특유의 냄새 나는 다른 제품과는 달라요. 보습력이나 발림성은 끝내주기 때문에 굳이 길게 설명 안 해도 다들 얼마나 좋은지 아실거예요.
313623,발림성,발림성은 끝내주기때문에,매번 만족하는 제품이에요. 행사 하면 또 사야겠어요. 순한 제품이 필요해서 쓰기 시작했는데 트러블 없이 잘쓰고 있어요. 아기한테 발라도 순해서 문제없네요. 특유의 냄새 나는 다른 제품과는 달라요. 보습력이나 발림성은 끝내주기 때문에 굳이 길게 설명 안 해도 다들 얼마나 좋은지 아실거예요.
313736,보습력/수분감,적당한 수분감이 있어 좋아요.,너무 맘에 드네요. 아토피가 생겨 샀는데 효과좋아 잘 쓰고 있습니다. 다시 사고 싶은 생각이 드네요. 항상 쓰던거라 다시 주문했어요. 무향이라 좋고 적당한 수분감이 있어 좋아요 .
313751,자극성,좁쌀 여드름 많이 나는데 이거 바르면서도 나긴 나네요,제형은 크림보다는 살짝 묽습니다 정말 가볍게 잘 발리네요 좁쌀 여드름 많이 나는 데 이거 바르면서도 나긴 나네요 무난하게 쓰기 좋아서 꾸준히 쓰고 있습니다 가성비 괜찮은 것 같네요
314072,향,향기는 그리 진하지 않아서힘들지는 않아요.,촉촉하니 좋아요. 매일 바르지만 여느 크림보다 바르고 나면 피부가 쫀쫀해지고 피부결이 고아지는 느낌이 확실히 나요. 향기는 그리 진하지 않아서 힘들지는 않아요. 1년동안 써 오던 제품이라 이제는 평범하게 눌 쓰려니 해요.
314088,보습력/수분감,보습력 진짜좋네요,부모님 생신선물로 추천해요 오랫동안 쓰고 있어도 좋습니다 보습력 진짜 좋네요 따로 마사지 할 필요없습니다 가격대도 부담가지 않고 너무 좋습니다
315992,보습력/수분감,촉촉함이 오래가지 않고 지속력이 떨어지네요.,향이 진하지 않아 좋습니다. 가격도 착하구요.OOO이라 믿고 구매했는데 촉촉함이 오래가지않고 지속력이 떨어지네요. 오후가 되면 얼굴 땡김이 있지만 가격대비 좋습니다.
315992,지속력/유지력,오래가지 않고 지속력이 떨어지네요.,향이 진하지 않아 좋습니다. 가격도 착하구요.OOO이라 믿고 구매했는데 촉촉함이 오래가지않고 지속력이 떨어지네요. 오후가 되면 얼굴 땡김이 있지만 가격대비 좋습니다.
316277,보습력/수분감,건조함없이 속까지 촉촉한느낌이나요,아침에 사용하기는 번들거려서 부담스러워요 아침에 사용시 점심지나면 기름처럼 번들거리면서 광이 넘쳐요 저녁에 사용하면 아침에 번들거리긴해도 건조함없이 속까지 촉촉한 느낌이나요 냉장고에 넣어서 저녁에 세수하고 스킨사용후 이것만 바르고자는데도 속건성없이 촉촉해요 담날 세수하고나면 촉촉하고 부드러운 피부느낌이 지속됩니다.
316296,기능/효과,트러블들이 좀 진정 되고,얼굴에 여드름이 날때 붙이고 팩처럼 사용하고 나면 노랗게 올라 왔던 트러블 들이 좀 진정 되고 토너 보다도 자주 사용하게 되서 잘 쓰는 제품이네요. 좀 더 용량이 늘어나도 괜찮을것 같아요. 잘 사용중이네요.
316947,사용감,이거 하나 바르고 자기엔사용감이 가볍네요.,이거 하나 바르고 자기엔 사용감이 가볍네요. 기대와 달리 제형이 조금 묽네요.아침에 가볍게 안 땡길 정도로 바르기에 좋은 거 같네요.
317434,제품구성,추가 구성인 사은품 3종도 잘쓰고 있습니다.,복합성 피부라 유분기가 있을까 걱정했는데 괜찮습니다. 보습력 재생력 다 좋아서 피부회복에 효과 좋습니다. 점성도 꾸덕꾸덕합니다. 추가 구성인 사은품 3종도 잘 쓰고 있습니다.
223613,제품구성,3세트구성주니깐 넘좋아요.,3세트 구성주니깐 넘좋아요.아들하고 남편이 좋아해요 적립금도 많이주고 계속 쇼핑할께요
317689,제품구성,ooo몰에서 산 이유는공식사이트 보다 더 많이 사은품을 주네요.,두개째 쓰고 있는 제품이네요. ooo몰에서 산 이유는 공식사이트 보다 더 많이 사은품을 주네요. 배송도 빠르게 도착해서 좋았구요. 뚜껑부분이 리뉴얼된듯 하네요. 양이 많아 한통사면 엄청 오래쓰게 되네요. 제형이 꽤 꾸덕합니다.
317689,용량/개수,양이 많아 한통사면엄청 오래쓰게 되네요.,두개째 쓰고 있는 제품이네요. ooo몰에서 산 이유는 공식사이트 보다 더 많이 사은품을 주네요. 배송도 빠르게 도착해서 좋았구요. 뚜껑부분이 리뉴얼된듯 하네요. 양이 많아 한통사면 엄청 오래쓰게 되네요. 제형이 꽤 꾸덕합니다.
317858,기능/효과,가을 겨울 건조할때에 자기전에 사용하면 좋을것같습니다.,무향이네요. 이 브랜드의 다른 제품처럼 무자극 제품이네요. 제형은 무게가 있는 꽤 점성이 있네요. 발리는것도 뻑뻑한 정도는 아니지만 제형이 상당히 쫀쫀한 편이긴 합니다. 흡수되는 시간도 좀 필요합니다. 피부에 자극없고 아침에도 습도가 유지됩니다. 가을 겨울 건조할때에 자기전에 사용하면 좋을것 같습니다.
317883,발림성,부드럽게 잘발려요.,지성피부인데 이 제품은 무겁지도 않고 부드럽게 잘 발려요. 건조함이 한번에 해결됩니다.
317886,기능/효과,촉촉하게 진정효과를 느낄수 있어 좋습니다.,"날씨가 갑자기 추워져서 피부가 건조하고 트기까지 했는데, 저녁에 OOO밤을 바르고 아침에 일어났더니 피부가 부드러워졌어요. 촉촉하게 진정 효과를 느낄 수 있어 좋습니다. 다른 제품들도 구매하고 싶어요. 추천해요."
318025,흡수력,바른 후에 손으로 만지면 하얗게 가루 떨어지듯이 밀리는 게 단점이네요.,악건성이 쓰기엔 한겨울에 보습감이 부족하지만 괜찮습니다. 백탁이 있어 피부가 환해 보여 좋으나 바른 후에 손으로 만지면 하얗게 가루 떨어지듯이 밀리는게 단점이네요. 바르고 바로 화장하면 밀림이 없네요.
319191,가격,오프라인 보다 저렴하게 구입했어요.,"계속 사용하던건데, 오프라인보다 저렴하게 구입했어요. 샘플도 많이 보내주셔서 좋습니다."
319338,기능/효과,ㅇㅇ크림은 가을부터는 최고인것 같네요,ㅇㅇ크림은 가을부터는 최고 인 것 같네요. 샘플 많이 주길래 보이자마자 주문했네요. 늘 겨울에 사용하는 제품이라 만족하고 잘 쓸게요. 크림 좋아요
319400,가격,쿠폰 카드할인해서 저렴하게 득템했네요.,쿠폰 카드할인해서 저렴하게 득템 했네요. 이렇게 많은 사은품까지 좋아요. 항상 쓰는 ㅇㅇㅇ크림 잘 쓰겠습니다. 비싼만큼 효과가 좋기를 기대해봅니다.
319556,피부타입,악건성 피부인데 겨울에는 이 크림만 괜찮아요.,날씨가 건조해지자 피부가 제일 먼저 반응을 해요. 악건성피부인데 겨울에는 이 크림만 괜찮아요. 용량이 작고 가격이 비싸지만 잘 사용합니다.
319899,피부타입,건성이라 촉촉하고 잘스며들어요.,건성이라 촉촉하고 잘 스며들어요. 발림성도 부드럽습니다. 향도 강하지 않아 좋아요. 저렴하게 잘 샀어요. 사은품으로 샘플 주셔서 좋아요. 배송은 상자로 종이 포장되어 아주 깔끔하게 왔습니다.
320090,기능/효과,피부타입이랑 잘 맞아서 크림 본품을 구입했습니다.,샘플 크림을 써 보고 피부타입이랑 잘 맞아서 크림 본품을 구입 했습니다. 클렌징과 ㅇㅇㅇ크림까지 사은품으로 보내 주셔서 선물 받은 것처럼 기분이 좋아요. 쿠폰 할인 받아서 다른 곳보다 저렴하게 사서 만족해요. 크림 기프트 세트 하나 더 사서 엄마께 선물 드려야겠네요.
320090,제품구성,클렌징과 ㅇㅇㅇ크림까지 사은품으로 보내 주셔서 선물받은 것처럼 기분이 좋아요,샘플 크림을 써 보고 피부타입이랑 잘 맞아서 크림 본품을 구입 했습니다. 클렌징과 ㅇㅇㅇ크림까지 사은품으로 보내 주셔서 선물 받은 것처럼 기분이 좋아요. 쿠폰 할인 받아서 다른 곳보다 저렴하게 사서 만족해요. 크림 기프트 세트 하나 더 사서 엄마께 선물 드려야겠네요.
320090,가격,쿠폰 할인받아서 다른 곳보다 저렴하게 사서 만족해요.,샘플 크림을 써 보고 피부타입이랑 잘 맞아서 크림 본품을 구입 했습니다. 클렌징과 ㅇㅇㅇ크림까지 사은품으로 보내 주셔서 선물 받은 것처럼 기분이 좋아요. 쿠폰 할인 받아서 다른 곳보다 저렴하게 사서 만족해요. 크림 기프트 세트 하나 더 사서 엄마께 선물 드려야겠네요.
320165,피부타입,건조하고 민감성피부인데 ㅇㅇㅇ크림은 제 피부에 딱 맞아서 너무 좋습니다.,배송 이틀만에 도착 했습니다. ㅇㅇ 크림 사용하다가 가을이 오면서 ㅇㅇㅇ크림 사용하려고 주문했습니다. 건조하고 민감성 피부인데 ㅇㅇㅇ크림은 제 피부에 딱 맞아서 너무 좋습니다.
322335,보습력/수분감,"보습력이 좋고,","기존에 썼던 제품입니다. 보습력이 좋고 ,성분이 좋은것 같아 만족합니다."
322376,윤기/피부(톤),피부톤도 많이 밝아진것 같아 좋습니다.,사용중인데 트러블도 덜 나는 것 같고 피부톤도 많이 밝아진 것 같아 좋습니다.
322588,기능/효과,레드 크림보다 효과가 별로인 것 같습니다.,여드름 피부인 민감성 피부에 쓰려고 구입했는데 레드크림보다 효과가 별로인 것 같습니다. 다음엔 레드 크림을 구입할 것 같습니다 시카크림 샘플 쓰고 좋은 듯 하여 추천했는데 레드크림 계속 쓰던 딸은 사용감이 별로라고 합니다.
576630,기능/효과,세정이 깨끗이 되는거 같고,OOO 포밍 클렌져는 자주 구매하는 제품이에요. 잘 씻겨서 뽀득뽀득해서 제일 좋아요. 세정이 깨끗이 되는 거 같고 향도 좋고 상쾌하고 너무 좋아요. 재구매하려고 합니다. 감사해요.
576708,품질,특별히 품질이 좋은지는 잘 모르겠네요.,이 제품이 특별히 품질이 좋은지는 잘모르겠네요. 다른 제품들보다 거품이 더 잘 나는 것도 아니고 더 잘 씻기는지도 모르겠어요. 트러블은 안 나니까 계속 사용하면서 효과를 지켜볼게요.
577139,자극성,피부 자극없이,제형이 부드럽고 피부자극없이 세정 잘 되네요. OOO에서 저렴하게 잘 샀어요 . 온가족 세안제로 아주 좋습니다. 피부트러블 많은 아이에게도 아주 좋네요.
580917,기능/효과,여드름 피부나 민감성 피부에 좋습니다.,"향은 별로인데, 세안후 피부가 당기지 않고 촉촉합니다. 끈적임은 없진 않네요. 사용후 계속 주문해서 쓰고 있습니다. 특히 여드름피부나 민감성피부에 좋습니다."
580917,피부타입,민감성 피부에 좋습니다.,"향은 별로인데, 세안후 피부가 당기지 않고 촉촉합니다. 끈적임은 없진 않네요. 사용후 계속 주문해서 쓰고 있습니다. 특히 여드름피부나 민감성피부에 좋습니다."
581142,기능/효과,여드름 피부에 쓰고 있는데 제형이 산뜻하면서 거품도 많이 나고 노폐물도 제거되는 듯합니다.,여드름 피부에 쓰고 있는데 제형이 산뜻하면서 거품도 많이 나고 노폐물도 제거되는 듯 합니다. 비싼 가격과 적은 양은 좀 아쉽네요.
581242,기능/효과,여드름성 복합성 피부에 자극 없고 세정력도 좋다고 해요.,복합성 피부에 사용하려고 주문했습니다. 다른 제품 사용중에 온라인에서 좋다는 후기가 있어 구매해서 사용해보니 좋다고 하네요. 여드름성 복합성 피부에 자극 없고 세정력도 좋다고해요. 향은 별로인 듯하네요.
581242,피부타입,복합성 피부에 자극 없고 세정력도 좋다고 해요.,복합성 피부에 사용하려고 주문했습니다. 다른 제품 사용중에 온라인에서 좋다는 후기가 있어 구매해서 사용해보니 좋다고 하네요. 여드름성 복합성 피부에 자극 없고 세정력도 좋다고해요. 향은 별로인 듯하네요.
581809,보습력/수분감,피부가 건조하거나 불편함이 안느껴집니다.,계절 바뀔 때 온도 습도 때문에 피부가 변합니다. 그래서 클렌징이 더 중요한 것 같습니다. OO 클렌징 제품은 피부에 순해서 자주 사용하게 되네요. 하루에 두 번 클렌징 해도 피부가 건조하거나 불편함이 안 느껴집니다. 피부가 약한 편인데 화장 진하게 하거나 약하게 했을 때 둘 다 세정도 잘되어서 이 제품만 사용한 지 오래됐습니다. 가격은 세일 안 할 때 사면 비쌉니다. 가격 할인을 자주 했으면 좋겠습니다.
225731,기능/효과,심한건조에 윤기없는얼굴이 스틱하나로반짝이고 쫀득해서 참좋아요~,심한건조에 윤기없는얼굴이 스틱하나로반짝이고쫀득해서 참좋아요~ 조금더 스틱이단단하면최고일듯~
226067,윤기/피부(톤),바르고나면 피부가 뽀얗게 보이긴 합니다.,기미가 옅어지거나 없어지진 않습니다. 짙은 기미도 아니였는데... 그래도 바르면 더 생기지는 않겠지싶어서 바르고있습니다. 대신 바르고나면 피부가 뽀얗게 보이긴합니다. 아침에는 적당히 바르고있고 저녁에 잘때는 듬뿍바릅니다. 가격에 비해 양도 많은데 기미가 없어질거라 생각하고 사신다면... 좀 더 좋은 다른 제품을 쓰셔야될듯... 이상 솔직후기입니당~~~
229287,기능/효과,아주 드라마틱하게 효과있지는 않지만서서히 좋아지는게 느껴지네요~~,설마 저렇게 될까 하는 마음에 별도로 한개만 구매해보고 사용해봤는데..헉!!했습니다..아주 드라마틱하게 효과있지는 않지만 서서히 좋아지는게 느껴지네요~~ 구매해서 남편이랑 같이 사용하고 있는데 남편도 피부톤이 밝아진것같고 주름이 덜해진거같아 신기하다고 하며 열심히 바르네요^^
230698,기능/효과,주름에 효과가 있 을것을 기대하며부지런히 사용해 보렴니다,건조한 날씨 촉촉하며 주름에 효과가 있 을것을 기대하며 부지런히 사용해 보렴니다
230743,기능/효과,주름개선효과는 이틀로선 아직.좀 더 써봐야겠네요.,"이전에 미스트를 사용하던중이라 믿고 구매. 미스트 극강추. 스틱은 바르고 난후 계~~속 얼굴에 얹혀 있는 느낌과 번들거림, 묻어남에 어떡해야 할 지 모르겠네요. 주름개선효과는 이틀로선 아직. 좀 더 써봐야겠네요."
232074,보습력/수분감,끈적임이있어서,가희 멀티밤~요새 핫하게 뜨고 있는 신상 아이템! 한번 써보고 싶었어요 광고도 많이 하고 유명인 연예인들도 좋타고 다들 칭찬하는 아이템 ! 택배오자마자 개봉하고 목주름 있는곳에 투척 눈가 주름에 투척 일단 촉촉하구요 너무 많이 바르면 약간 제형이 끈적임이 있어서 적당히 투척해야될듯 싶어요 케이스 이쁘고 케이스 색상이 핑크색이라 더 이뻐요 단점은 제형이 빨리 물러지네요 케이스에서 돌려끄내는데 양 옆쪽에서 약간씩 고체형이라 물러져서 제형이 조금만 단단했으면 좋겠다는 아쉬움이 들어요 일단 계속써보고 더 좋으면 재구매의향 있어요
232635,용량/개수,양좀마니 늘려주심 좋을듯~~,화장할때 확실히 촉촉해지네요 ^^만족 양이적어금방쓸꺼같아요 양좀마니 늘려주심 좋을듯 ~~ 잘써볼께요 스틱이라 사용하기 간편
233172,흡수력,번들거림이나 제형에 끈적거림이 없어부담이 되지않고,스틱타입이라서 편하게 바를수도 있어서 편해서 좋고 피부결도 매끄러워지고 번들거림이나 제형에끈적거림이 없어부담이 되지않고 촉촉하고 보습이 잘 되어 만족합니다
233172,제형,제형에 끈적거림이 없어부담이 되지않고,스틱타입이라서 편하게 바를수도 있어서 편해서 좋고 피부결도 매끄러워지고 번들거림이나 제형에끈적거림이 없어부담이 되지않고 촉촉하고 보습이 잘 되어 만족합니다
233514,윤기/피부(톤),주름가는 부분에 부드럽게 발라주니은은한 광이 나고 좋아요!,윤광피부 좋아해서 평소 선전 나올때마다 궁금했는데 마침 홈쇼핑에서 하길래 나도모르게 주문을 하고 있더라고요 주름가는 부분에 부드럽게 발라주니 은은한 광이 나고 좋아요! 미스트 향도 좋고 겨울철 건조할때마다 수시로 뿌려주고 있어요 가볍게 쓱 멀티밤 바르기 좋아요 건조한 겨울엔 특히나 더 좋은듯
234866,제품구성,샘플도 골고루 안왔어요.,주변 지인이 써보고 너무 좋은 기억이 있다고 하길래 좋을 것 같아서 이번에 구매했는데 유통기한도 짧고 샘플도 골고루 안 왔어요. 가격도 비싸고 할인도 잘 안 해서 더 비싸게 느껴지네요. 오일은 너무 끈적이고 같이 온 미스트 별로네요. 환절기에도 사용하기 힘들 거 같아요.
235106,보습력/수분감,"보습력,지속력도 좋아","주름관리에도 도움 된다고해서 신랑이랑 함께 사용하여고 주문했어요. 제품 받아 3일정도 사용했는데 일단 이렇게 간단하게 끝인가?싶을 정도로 몇번 쓱쓱~으로 마무리가 되어 좋더라구요. 발림성도 얇게 잘 발리고 보습력, 지속력도 좋아 건조한 요즘 날씨에도 항상 촉촉하고 피부의 탱탱함이 오래가더라구요. 주름관리는 3일 사용했기에 더 사용해봐야 알겠지만.. 탱탱함이 보였기에 주름도 눈에 덜 띄는것 같아요~ 신랑이랑 열심히 잘 사용 하겠습니다."
235265,제품구성,홈쇼핑보다가 좋은구성+후기이벤트까지 있어서 급구매합니다^^*,가히~멀티밤~굿굿 주변에서 모두 가히가히~ 하길래 호기심에 한 번 사서 썼는데 오~~~생각보다 더 만족함~! 주름관리개선뿐 아니라 간편한 휴대성/멀티 기능성이라 더욱 만족스럽네요 홈쇼핑보다가 좋은구성+후기이벤트까지 있어서 급 구매합니다^^* 잘 쓸께요~~
235613,용량/개수,양이 작아 열심히바르믄 10일도 못갈듯 ㅋ,아는동생에게 선물받고 써보고 바로 더블셋트주문했어요~촉촉하니 휴대해서 언제든 관리가되서 좋아요. 양이 좀 아쉬워요 .양이 작아열심히바르믄 10일도 못갈듯 ㅋ
235614,보습력/수분감,촉촉함은 덜하고,마침 방송하는걸 보고 어머니를 위해 바로 주문했습니다. 나눠 쓰려고 세트로 구매했는데 구성도 용량도 적은 듯 합니다. 건조해지는 이맘때 촉촉함은 덜 하고 번들거림이 있어 부담스럽네요. 지인들한테 추천하기전 참고하세요.
235939,기능/효과,주름이 사라지는 …이게 뭔가요? 진짜 효과 좋으네요..,"가히 링클 바운스 멀티밤, 가히 링클 바운스 멀티밤 지인분들이 사용해보시고 너무 너무 좋다고 권하는 소개를 많이 받긴 했지만 낱개 금액이 조금 부담스럽다 생각해서 기회 봐서 사야겠다 생각만 하다 홈쇼핑으로 세트구성 너무 너무 좋은 금액이라 새벽시간이였는데 나도 모르게 구매하게 되더라구요. ^^ 새벽 주문후 이틀만에 배송 되었구요. 오자 마자 홈쇼핑에서 호스트분께서 발라보신 결대로 한번씩 쓰윽~ 발랐는데…. 너무 너무 놀랍게 촉촉해지고 주름이 사라지는 … 이게 뭔가요? 진짜 효과 좋으네요.. 지인분들이 말씀하신 가히 링클 바운스 멀티밤 최고라는 말을 이제 실감하네요.. 싸게 너무 잘 구매한것 같습니다. 엄마도.. 큰언니도 나눠주고 제가 2개 사용해야겠어요~~ 유통기간도 넉넉하니 너무 좋네요.. 다 쓰면 또 구매할거 같아요. 이가격, 이구성, 이효과면 주저할 이유 1도 없습니다. 주저하지 말고 구매하셔도 됩니다."
217184,윤기/피부(톤),피부가 보들보들,끈적이지않곱 피부가보들보들촉촉한느낌좋아요
217229,기능/효과,주름개선 성능은 좋으나,주름개선 성능은좋으나 제겐 피부가 따가운것같넹ᆢ^^;
236790,탄력,피부가 쫀쫀하니 맘에 들어요~,펑소 늘 하나 장만하고싶었는데 요번기회에 구입했네요 바르니까 피부가 쫀쫀하니 맘에들어요~촉촉하구요~
238461,윤기/피부(톤),흡수된 후에 남는 피부감촉이 부드러워서 너무 좋아요^^,엄마랑 같이 써보려고 더블세트 구매했어요. 본품도 좋지만 구성품중 같이온 미스트가 개인적으로 너무 마음에 드네요. 미세하게 분사되어 밀착력이 좋고 흡수된 후에 남는 피부감촉이부드러워서 너무 좋아요^^
238897,제품구성,구성에 쓸데없는게 많아 실망이에요.,구성에 쓸데없는 게 많아 실망이에요. 종이가방은 이쁩니다. 한번 써봤는데 촉촉한지 모르겠고 좀 더 써봐야 알 듯요. 유통기한이 짧은게 와서 좀 그래요.
239136,기능/효과,제 피부에는 안맞는것 같습니다.,주위에 쓰지 않는 사람이 없는것 같아 설 맞이용 선물로 구입했어요. 평소 건조해서 잔주름이 많은 편인데 주름이 옅어지는것 같지는 않네요. 주름개선 효과는 없는듯 합니다. 건조한 부분만 발라도 건조함이 사라지지는 않고 제피부에는 안맞는것 같습니다.
239152,기능/효과,앞으로 효과를 기대하면서 열심히 써볼게요.,언니와 같이 쓰려고 구입했는데 기대만큼은 아닙니다. 광고처럼 주름효과가 있지는 않네요. 오늘 받아 한번 써본지라 아직 주름효과를 크게 느끼진 못하겠지만 앞으로 효과를 기대하면서 열심히 써 볼게요.
239669,흡수력,화장도 잘 먹혀요,- 선물로 받은 가히가 너무좋아서 다시 샀습니다. 생일선물용으로 충분하게 샀습니다. - 일단 주름 개선을 체감했구요 - 윤기가 티가나게 보입니다. - 화장도 잘먹혀요 그냥 여자들이 좋아하는데 이유가 있나보네요
242954,탄력,즉각적으로 탄력도 환해지는것도느꼈어요,원래끈적이는거싫어하는데 팩자체가좋더군요 성분도좋쿠 즉각적으로탄력도 환해지는것도느꼈어요 이런팩종류는돈아깝다생각했는데 안아까워요.따갑지도않고진심 또살끄예요
243175,흡수력,연고 바른 것처럼 끈적인다.,"평소 다른 마스크팩들은 얼굴에 착 밀착되는데 이건 얇게 밀착된다. 피부가 따갑고 정말 순하지 않은 느낌, 연고바른 것처럼 끈적인다."
244566,기능/효과,혹시나해서사용하는 화장품 순서대로 사용안해보기를 해보니 이것이 저에겐 안맞네요.ㅠㅠ,"한번에 지우는것으로 구입했는데요. 홈쇼핑 광고에서처럼 지우고 화사하거나 그러지 않더라구요. 지워지는건 잘 지워지는것 같습니다. 문제는 샘플 두번 쓸동안 안그러더니 3,4일 넘어가니 가렵고, 반점도 나고. 혹시나해서 사용하는 화장품 순서대로 사용안해보기를 해보니 이것이 저에겐 안맞네요.ㅠㅠ 한통도 거의 고대로 남았네요. 문젠 바꿀수도없고, 안타깝네요.정말!"
245090,제형,고농축 앰플액은 방송처럼 주루룩 안흘러서 기대에 못미치네요,석고팩 할때 가루가 떨어져 불편했구요 촉촉하긴 한데 팩 떼고나니 얼굴이 빨개져서 얼굴색이 빨리 안돌아와요 그리고 고농축 앰플액은방송처럼 주루룩 안흘러서 기대에 못미치네요 앰플액 양이 좀더 넉넉했음 좋겠어요
248762,지속력/유지력,촉촉함이 지속되어너무너무 좋은것 같아요!!,뭘 발라도 아침에 푸석이는 피부가 되서.. 가희 쓰다가 다른건 못쓰겠더라구요!! 무엇보다 바르고 자고 일어났을때 촉촉함이 지속되어 너무너무 좋은것 같아요!! 피부가 확실히 윤기가 자르르~~~~ 홈쇼핑구성으로는 처음 사봤는데 너무 잘산것 같아요!!! 두둑하니까(많아서 너무 좋음) 든든하네요 ㅎㅎㅎ
249242,보습력/수분감,촉촉함이 덜함을 느끼네요.,세트로 구매했어요. 구성이 적어 별로네요 파우치에 넣고 건조할때 수시로 바르는데 촉촉함이 덜함을 느끼네요 . 용량에 비해 가격이 비쌉니다.
249553,편의성/활용성,대신 한손에 쏘옥~작은가방에도 쏘옥~,솔직히 받고 넘 작아서? 좀 놀랬어요~ 대신 한손에 쏘옥~ 작은가방에도 쏘옥~ 언제 어디되고어떠한 조건이든 발라도 되니 좋네요~ 유분감이 싫으면 밤에 듬뿍발라 피부관리 하면좋을것같아요~ 향은 없구요~ 주름이 정리되는 느낌이 있고 바르고 화장하면 주름도 덜 드러나요~ 홈쇼핑에서 혜택이 많아 고르다가 이곳에서 사게됐는데 앰플이며 이것저것 많이 주셔서 저렴히 산것같아요~~ 이제품을 다 쓸때쯤 정확한 후기가 나올것같네요~
249869,탄력,피부에서 느껴지는 쫀쫀함!ㅎㅎㅎ,매번 광고만 보다가 홈쇼핑을 통해 구매 결심했습니다. ^^ 품질이 역시는 역시네요~! 받자마자 뜯어서 쓰윽~발라보니 피부에서 느껴지는 쫀쫀함! ㅎㅎㅎ 계속 구매해서 사용하려구요!! 지인들에게도 꼭!!! 추천해서 모두~ 피부미인 되어 보려구요!!!♡♡♡
250303,윤기/피부(톤),아침이나 저녁에 발라도 얼굴 전체 광채며 탄력이며..만족합니다.,"대만족 크림이에요! 두 배 구성으로 사길 정말 잘했다 싶을 정도로 안티에이징 크림 중에 만족도 1등입니다. 오랜만에 홈쇼핑으로 산 제품 중에 이렇게 만족해보네요. 정말 방송에서 본 것처럼 알갱이 하나하나 바를 때 마다 녹아들어가는 것도 신기하고, 아침이나 저녁에 발라도 얼굴 전체 광채며 탄력이며.. 만족합니다.솔직히 아침에는 가벼운 제품 위주로 발랐는데 이 제품은 얇게 발라도 메이크업 밀리지 않고 피부 표현이 윤기나서 예쁘게 되게끔 도와줘서 더 만족해요. 친정 엄마 드리려고 풍성하게 구매했지만 정작 얼마 못 드릴 것 같은 예감입니다. 역시 한불이에요~~"
250303,탄력,탄력이며..만족합니다.,"대만족 크림이에요! 두 배 구성으로 사길 정말 잘했다 싶을 정도로 안티에이징 크림 중에 만족도 1등입니다. 오랜만에 홈쇼핑으로 산 제품 중에 이렇게 만족해보네요. 정말 방송에서 본 것처럼 알갱이 하나하나 바를 때 마다 녹아들어가는 것도 신기하고, 아침이나 저녁에 발라도 얼굴 전체 광채며 탄력이며.. 만족합니다.솔직히 아침에는 가벼운 제품 위주로 발랐는데 이 제품은 얇게 발라도 메이크업 밀리지 않고 피부 표현이 윤기나서 예쁘게 되게끔 도와줘서 더 만족해요. 친정 엄마 드리려고 풍성하게 구매했지만 정작 얼마 못 드릴 것 같은 예감입니다. 역시 한불이에요~~"
220067,제형,스킨 제형이 앰플타입이라 좋아요,여러 화장품 써 보다가 종착역처럼 정한 게 이 제품입니다. 알로에가 피부를 진정 시켜주는 것도 있고 향도 오가닉화장품 같은 진하지 않은 향도 맘에 듭니다 스킨제형이 앰플타입이라 좋아요 보습력좋고~아무튼 잘 샀습니다
303915,가격,"저렴한 가격에 구입 했는데,","기본스킨케어제품으로 계속 사용 중입니다. 가격 행사해서 구매했습니다. 저렴한 가격에 구입했는데, 제품 구성에 대한 아쉬움이 있네요. 기본 구성 2개만 나와도 좋을 듯합니다. 다른 구성으로 구성해주세요."
307515,용량/개수,스킨양을 좀많이 하고 로션양을 좀 줄이면 좋을듯싶습니다,향도 진하지않고 민감한피부인데 트러블없어서 사용하고 있는 OOO입니다 스킨양에비해 로션양이 많이남아 아쉬워요 스킨양을 좀많이 하고 로션양을 좀 줄이면 좋을듯 싶습니다
307868,편의성/활용성,겨울철에는 촉촉해서 온몸에 바디용으로 발라주기도 해요,여름을 제외하고 사계절 사용하기 좋아요. 우리 아이가 아토피가 심해서 보습에 굉장히 신경을 쓰고 있습니다. 샤워후에 보습이 필요한 부분에 부분적으로 발라 주기도 하고 겨울철에는 촉촉해서 온몸에 바디용으로 발라 주기도 해요 울 가족 필수템 이랍니다
308315,보습력/수분감,피부당김이 느껴지네요.,"계속 쓰고 있는 제품입니다. 건조해서 그런지 보습력은 약해요. 바르고 금방 피부 당김이 느껴지네요. 저녁에 세안 후 한번, 자기 전 한번 더 바르는데 효과 있음 좋겠어요."
308397,보습력/수분감,촉촉하네요 .,촉촉하고 트러블 안나는거 보니 성분도 좋은것 같습니다. 여드름 심해지면 어쩌나 했는데 다행이 잘맞아서 앞으로도 꾸준히 쓸 생각입니다. 이건 하나만 발라도 촉촉하네요. 거기다 저렴하기까지 해서 대만족입니다.
308498,용기,짜고나면 용기 입구 주위에 덜 묻어나서 위생적으로 사용할수 있어 편하고 좋네요.,매번 고보습용으로 아주 좋아요. 벌써 여러통 썼는데 쓸데마다 보습력에 너무 만족해요. 짜고나면 용기 입구 주위에 덜 묻어나서 위생적으로 사용할 수 있어 편하고 좋네요. 수분 부족할때 사용하면 좋네요
308657,성분,내용성분도 순해서 가족전체가 사용하는데,제형도 부드럽고 여름에는 로션 겨울에는 크림으로 사용해요 내용성분도 순해서 가족 전체가 사용하는데 이거 바르면 피부 보정 효과랑 여드름도 조금 덜 나는 것 같아요 수분을 잘 챙겨줘요
309722,기능/효과,사용전이지만 효과 좋을거라 생각해봅니다.,촉촉한 보습과 영양을 생각해서 주문했어요. 향이 나쁘진 않아요. 사은품 샘플이 생각보다 작아요. 사용전이지만 효과 좋을거라 생각해 봅니다.
309734,가격,할인행사중이라 오프라인보다 더 저렴하게 구매해서 만족해요.,항상 사용하는 제품이라 믿고 구매했습니다. 유통기한도 넉넉하고 무엇보다 할인 행사중이라 오프라인보다 더 저렴하게 구매해서 만족해요. 많이 파시길 바랍니다.
261474,기능/효과,꾸준히 사용 해야 효과를 알 것 같습니다.,거품이 많이 나지는 않는 것 같아요. 꾸준히 사용해야 효과를 알 것 같습니다.
790710,보습력/수분감,보습감이 오래 가더라고요.,OO 바디로션을 잘 쓰고 있습니다. 그런데 날씨가 추워지면서 금방 건조해지는 느낌이라 바디로션을 또 샀습니다. 확실히 보습감이 오래가더라고요. 바디로션이라도 계절마다 맞게 사용해야 하나 봐요. 로션 사용기한은 보통입니다. 함께 산 크림이랑 샴푸도 잘 쓰겠습니다.
799217,제형,제형은 부드러운편이고,다음에 또 추가구매 예정이요. ㅇㅇ꺼 썼었는데 좀 더 흡수력 좋고 향이 은은합니다. 향은 파우더리하고 제형은 부드러운 편이고 6살 아이도 같이 쓰기 좋은편입니다. 발림성은 ㅇㅇ하고 비슷합니다.
272533,발림성,뭉쳐서 발려 머리카락은풀 발린느낌 ㅜ,한번해보았는데 볼륨도 지대로안되고 잘 안발려 머리카락만 끈기고 빠지고 제형이 꾸덕여서 머리카락이 찍찍 달라붙고 시간이지나니 뒷통수가 볼륨감이 없어 납짝이가되네요 애기아빠한테쥣는데 그나마 조금낫다고하지만 볼륨감이 없어 뒷통수 납짝 ㅜ 소가 침으로 할탄것처럼되요 ㅜ 뭐랄까 뭉쳐서 발려 머리카락은 풀 발린느낌 ㅜ저는추천 권하고싶지안네요 제가 할려고 구입햇는데 반품하고싶엇는데 박스버려서 그냥 집에나두고 누구주던지 아니면 애아빠계속
273232,제형,제형이 너무 딱딱해서 바를때 머리카락도 빠지고,별로예요. 제형이 너무 딱딱해서 바를 때 머리카락도 빠지고. 새치커버도 잘 안되네요.
277424,윤기/피부(톤),온 몸에 윤기가 자르르 흐르고,바디제품 여러게 써봤는데~~이 제품은 문질기만 해도 쏙쏙 잘 밀려나오고 온몸에 윤기가 자르르 흐르고 기분이 상쾌해서 짱좋아요~^ㅠㅠ 울딸아들까지쓰고있어ㅠㅠ~^^
278220,기능/효과,각질제거 되는 듯 합니다,깔끔하고 깨끗하게 각질제거 되는듯 합니다 좋아요
279799,제품구성,같이 온 지압왕브러쉬는약간 거칠지만 쓰다보면 조금씩 부드러워지구요~,전부터 바디스크럽 이런거 계속 썼거든요~ 제일 처음 쓴게 오색황토였나..ㅎㅎ 역시 부드럽고 좋아요~ㅎ 같이 온지압왕브러쉬는 약간 거칠지만 쓰다보면 조금씩 부드러워지구요~ 이걸로 샤워하고나면 확실히 몸이 매끈해져요~ 기분좋아집니다 ㅎㅎ 근데 이거 손으로 문지르면 나중에 손가락에 느낌이 이상해지는 ㅋㅋ 감각사라지는듯한 느낌 ㅎㅎ 그래서 브러쉬로 해야해요~ 전 긴 막대 빼고 쓰고잇어요 ㅎㅎ 양도 많아서 친구들도 나눠줬어요~ㅎㅎ
262307,기능/효과,아직 눈에 보이도록 좋아지는지는 효과는 잘모르겠지만,아직 눈에보이도록 좋아지는지는 효과는 잘모르겠지만 꾸준히써보고 탈모예방하려구요 성분이 좋은게많이들어서그런지 조금기름끼는거같긴한데 그만큼찰랑거리고 윤기가나긴해요 ㅎㅎ
283572,자극성,다하고나서 눈이 좀시리네요,오자 마자 바로 해봤는데 사용하기는 간편한데요 다하고나서 눈이 좀 시리네요
284050,발색력,네츄럴브라운 거의 흑색으로 발색되어 정말 속는 기분 이네요~,방송보고 주문했는데 속는기분~ 쓰기도 불편하고 쇼호스트분들 머리에 따라 쓰는 양이 다르다는것 말씀해주세요~~ 쇼호스트분 긴머리하려면 10개는 써야할듯~ㅋ 5분정도면 새치머리 염색~no 네츄럴브라운 거의 흑색으로 발색 되어 정말 속는 기분 이네요~ 머리감을때마다 물빠지고 수건 검게 변하고~ 저 여자쇼호스트 먼저 사용해 보시고 솔직하게 사용후기 말씀하세요~ㅎ
262934,기능/효과,남편이랑 같이 쓰는데 서로 효과볼수 있기를 바래봅니다ㅋㅋㅋㅋ,아직 더 써봐야 알겠죠^^ 제형이 크리미해서 거품도 잘나고 맨솔향이 나쁘지않아요~ 남편이랑 같이 쓰는데 서로 효과볼수 있기를 바래봅니다 ㅋㅋㅋㅋ
757543,지속력/유지력,물빠짐도 심한 거 같아요.,염색이 다른 제품보다 예쁘게 되지 않네요. 물 빠짐도 심한 거 같아요. 향은 나쁘지 않습니다. 머릿결이 뻣뻣해진 거 같아요.
759019,자극성,염색하고 난후 계속 머리숱이 너무 빠지고있어요.,두피랑 모발 상할까 염색을 생각도 안하고 살았어요. 순한 물염색은 충분히 매력적으로 보였습니다. 간단한 조제로 2봉지 물에 넣어 섞어 염색했습니다. 냄새가 거의 없어 안심했어요. 사용시 열감이 조금 있기는 했습니다. 괜한 걱정이려니 염색하고 난후 계속 머리숱이 너무 빠지고 있어요. 처음 염색후 배수구 촬영한거 올려 볼께요. 지금은 머리숱이 더 빠져요. 병원진료 생각중입니다.
772968,편의성/활용성,혼자하기도 편해서 괜찮아요.,설명서 꼼꼼하게 잘 들어있고 배송 빠르고 좋네요. 타제품 보다 다운펌이 잘 되고 혼자 하기도 편해서 괜찮아요. 셀프다운펌 추천합니다.
773060,제품구성,완벽하게 구성된 제품으로 쉽고 편하게 사용할 수있어 좋았습니다.,완벽하게 구성된 제품으로 쉽고 편하게 사용 할 수 있어 좋았습니다. 써보니 염색효과도 맘에 들어요.
777397,기능/효과,좀 더 나은 효과와 탈모예방을 기대합니다.,배송 빨라요. OO가 기본 제품보다 향이 좋은 것 같아요. 좀 더 나은 효과와 탈모 예방을 기대합니다.
779958,가격,매번 두피케어나 새치 염색하러 가는 비용 생각하면 훨씬 저렴합니다.,"두피보호, 머릿결관리, 새치염색까지 한번에 케어할 수 있어서 좋습니다. 샴푸라고 생각하면 가격대가 있지만, 매번 두피케어나 새치염색하러 가는 비용 생각하면 훨씬 저렴합니다. 순하고 자극이 없어서 만족합니다. 같이 보내주신 두피브러쉬도 좋아요. 샴푸하면 시원하고 좋습니다. 저는 2~3분 있다가 씻어내는데 확실히 새치도 커버되어 눈에 안보이고 좋습니다."
787008,제형,제형도 전에 쓰던 제품 보다 묽다는 느낌이라 별로에요.,배송이 당일배송이라 빠르게 받아 볼수 있는 있습니다. 로션이 자주 떨어져 새로운 제품 구매했는데 품질이 광고랑 다르게 별로에요. 제형도 전에 쓰던제품 보다 묽다는 느낌이라 별로에요.
789759,피부타입,건성피부인데 부드럽게 잘발리고 보습도 잘 됩니다.,다양한 바디로션 제품을 사용해 봤지만 이 제품이 제일 좋습니다. 건성피부인데 부드럽게 잘 발리고 보습도 잘 됩니다.
790200,보습력/수분감,조금 보습력이 떨어진다싶지만,"무해한 성분으로 발림성도 좋고 보습력도 좋아서 OOO으로 선택 했습니다. OO으로 하려다 예전에 이벤트로 핸드크림 써보고 잘 맞았던 것 같아서 이 제품으로 주문했어요. 한겨울에 극도로 건조할 때는 조금 보습력이 떨어진다 싶지만 겨울 빼고 봄, 여름, 가을에 쓰기에는 아주 좋은 듯해요."
288393,편의성/활용성,두번만에 화장완성 ㅋ완죤 편하네요,왕쿠션이라 두번만에 화장완성 ㅋ 완죤 편하네요 화사하고 적당히 광택과 커버 좋아요
290542,용기,"용기의 내용물이 질질 다 새고 있는 쿠션에 한 번,이물질에 뒤집어 질 뻔 했네요.","여러분 절대 사지 마세요!!!!!!!!!!!!!!!!!!!!!!!!!!!!! 세상에...이게 뭔가요??!!! 많은 분들 보시라고 별 다섯개로 올려요. 손등에 한 번 테스트하고 가지고 나와서 수정 화장 하려고 꺼내니 용기의 내용물이 질질 다 새고 있는 쿠션에 한 번, 이물질에 뒤집어 질 뻔 했네요. 쿠션 화장품 나온 후 부터 9년을 썼는데.... 이런 이물질 있는 쿠션 처음 봐요...하.. 얼굴에 쓰는 화장품에 어떻게 이런.. 사진이 한 장 밖에 안 올라가는데 세상에 2장은 더 첨부해야겠어요. 저 한가닥이 아니라 몇 가닥이 나왔는지 모릅니다.품질이 너무 안좋네요"
293997,사용감,사용감은 이물감 별로없음/,오자 마자 해본 1인 ~ 두께감 -젤네일수준 사용감은 이물감 별로 없음/ 길이 내손톱에 맞춰 조절가능한 이점 (스티커형은 조금길게 남기고 싶어도 여의치 않았으나 OOO는 되서 좋음) 단점-패디 엄지 넘큰거 버려지는아까움/끈적이는게 조금 짧았으면 하는 바램 / 네일 패디 하나씩 다했는데 기분전환 되고 좋네요 양이 많아 한통에 두세번은 하겠네요~
294607,기능/효과,한개반 사용중인데 현재 약하기만하던 손발톱이 다 부러지고 있어요 ㅠㅠ,사용을 해야할지 말지~ 손톱발톱이 약해서 강해지길 바라며 주문했어요~ 하루도 빠짐없이 세개세트중 한개반 사용중인데 현재 약하기만하던 손발톱이 다 부러지고 있어요ㅠㅠ 저랑 안맞아서 그런건지 써보니 효과없어 계속 사용해야할지 갈등중에 있습니다 어떻게해야할까요 약하기만 하던 손발톱이 바르고나서부터 하루가 멀다하고 부러집니다
298577,보습력/수분감,촉촉하게에센스 바른느낌이라,OOO선팩트 사용하고 있었는데 너무 금방 사용해서 다른걸로 바꿔야 하나 고민 중 스틱이 나왔길래 바로 구매했습니다 바를때 시원하고 금방 흡수가 되네요 촉촉하게 에센스 바른느낌이라 건조함이 있는지 하루 사용해봐야 알거 같아요 아이발라줄때 제대로 잘 발라졌는지 확인이 잘 안되는 단점이 있네요 선팩트 내용물이 스틱이나 튜브형으로 나오면 좋겠어요!!
298695,제형,이건 진짜 제형이 묽은 토너바른느낌 ㅋ,○○○ 팩트쓰다가 이것도 괜찮아보여서 샀어요~팩트는 톤업느깜 살짝있었는데 이건 진짜 제형이 묽은 토너바른 느낌 ㅋ 무색이라 티도안나서 몇번을 찍어발랐는지.. ㅋㅋ가볍게 쓱쓱 발라주기만해도 되서 애들 신랑 저도 열심히 바르고 다녀요~
298778,흡수력,"끈적임,백탁은 없는 듯..","끈적이지않고 백탁 없으며 자외선 차단 잘 되는 제품을 찾다가 OOO을 사게 되었습니다. 효과는 모르겠지만 끈적임, 백탁은 없는 듯.. 잘 사용하겠습니다~"
619859,향,깨끗하고 청량하고 상큼 달달한 향인데,향 진짜 너무 좋아요. 깨끗하고 청량하고 상큼 달달한향인데 느끼하게 달달한게 아니라 시원하게 달달합니다. ㅇㅇ가 ㅇㅇㅇ 원탑인 이유를 알겠어요. 백화점 시향했을때보다 집에 와서 맡아본 향이 더 좋습니다. 포장도 예쁘고 배송도 엄청 빨랐어요. 역시 백화점몰에서 구매하는게 제일 믿음직스럽고 좋습니다.
620811,향,머스크 향 좋아하시는분들 이라면 호불호 없이 사용하기 좋을 것 같습니다.,향 좋습니다. 첫 향 보다는 잔 향이 좋습니다. 지속력은 약한 편입니다. 지속력이 약해서 중간 중간 뿌려줘야 할 듯 합니다. 머스크 향 좋아하시는 분 들 이라면 호불호 없이 사용하기 좋을 것 같습니다. 진짜 겨울에 어울리는 향입니다.
622966,향,이향은 맡았을때 너무 산뜻하고,평소에 우디향을 좋아하는데 이 향은 맡았을때 너무 산뜻하고 시간이 흘렀을때도 잔향도 사랑스러워요. 평소에 30미리나 50미리를 주로 구입하는데 이 향수는 데일리로 사용하기위해 100미리를 구입한것을 탁월한 선택이었습니다.
624707,제품구성,샘플 향수도 요청한 게 잘 왔습니다.,배송 너무 빠르게 잘 왔고 라벨링 서비스도 샘플 향수도 요청 한 게 잘 왔습니다. 100ml 사려다가 50ml로 샀는데 향이 너무 좋아서 100ml 설 걸 그랬습니다.
625017,제품구성,시향지와 샘플까지 보내주셨어요.,매장 가서 직접 시향해보고 온라인 주문으로 구매했어요. 시향지와 샘플까지 보내 주셨어요. OOO은 첫 향보다 잔향이 훨씬 매력적이네요. 매장에서 시향 하더라도 20분 후에 잔향을 확인해 보시는 게 좋아요. 잔향은 지속력도 좋은 듯하네요.
625146,향,따뜻한 향이 기분좋아요.,향이 은은하지만 오래가는 향수입니다. 지속 시간이 다른 향수보다 오래가네요. 은은하고 따뜻한 향이 기분 좋아요.
626212,제품구성,구성으로 주신 휴대용 향수도 만족스러워요,어머니께서 항상 사용하시는 향수여서 매년 구입해서 선물드리네요. 어머님이 향이 오래간다며 좋아하시네요. 항상 여기서 주문해 달라고 하십니다. 만족도 높아 계속 구입예정이에요. 구성으로주신 휴대용 향수도 만족스러워요.
629684,품질,품질이 믿을만 합니다.,워낙 유명한거니 향은 당연히 좋습니다. 여자들이 특히 좋아하는 향이라고 해요. 향을 맡아보니 고급스럽고 지속력도 좋고 품질이 믿을 만 합니다. 진품이 확실한 걸로 보입니다.
629742,향,계속 맡고 싶은 끌리는향이예요.,배송은 정확히 3주만에 도착했습니다.구성품없이 본품만 와서 조금 아쉬웠습니다. 믿고 사용합니다. 바로 시향해 봤는데 ㅇㅇㅇ 정말 좋습니다. 뿌리기 전에는 어렸을 때 아빠 스킨향 같은 줄 알았는데 손목에 뿌려보니 시원하게 남성스러우면서 달콤한 향이라서 정말 좋았습니다. 계속 맡고 싶은 끌리는 향이예요. 올여름 향은 ㅇㅇㅇ로 정했습니다. 배송만 빠르면 자주 애용하고 싶은데 배송이 오래 걸려서 아쉽습니다.
632376,용량/개수,생각했던 것보다 양이 많네요.,"생각했던 것 보다 양이 많네요. 향은 금방 날아가고, 잔향도 생각한 것과 달라 아쉽네요. 다시 구입하지는 않을 것 같습니다. 남편은 잘 쓰는데, 저는 별로예요."
287618,제품구성,구성품 비비도 너무 좋네요~♡,우와 신세계요~^^빠쁜 출근시간 후다닥 몇번만 두드려도 대박 꿀피부 표현되네요.~케이스도 예쁘고 넘나 좋아요. 구성품비비도 너무 좋네요~♡
633145,가격,쿠폰 써서 저렴하게샀는데,ㅇㅇㅇ 시향 못해서 조마조마 전에 시향 안하고 ㅇㅇ 구입했다 복숭아 방향제 냄새나서 이번에도 실패할까 걱정했는데 향이 너무 좋아요. 쿠폰 써서 저렴하게 샀는데 그래도 오십미리라 너무 작습니다. 왜 백미리는 없는건지 모르겠어요. 암튼 잘 쓰겠습니다.
633407,제품구성,바디로션이 샘플로 왔던데 그게 너무 좋았어요.,아들 선물로 샀어요. 뿌리니 향이 너무 강해요. 향이 강한 향수 입니다. 향이 은은할 줄 알고 샀는데 아쉽네요. 조금만 뿌리라고 했어요. 바디 로션이 샘플로 왔던데 그게 너무 좋았어요. 향이 고급스럽네요. 특별한 날 바르고 나가면 향이 분위기 있고 좋습니다. 은은하니 제가 바라던 향입니다. 세일 할 때 더 구매할께요.
633875,용기,향수 용기도 블루 색상이라서 청량감 있어 보여서 좋습니다,ㅇㅇㅇ향수 유명해서 믿고 선물했는데 만족합니다. 여성용으로 나왔지만 남자가 써도 무난하니 좋습니다. 향수 용기도 블루색상이라서 청량감 있어보여서 좋습니다. 남성 화장대에 올려놔도 전혀 이질감 없습니다.
634869,향,무거운듯 하면서 진하면서 여성스런향이고,선물로 받아서 쓰다가 넘 좋아서 제가 직접 사서 쓰게 되었네요. 무거운듯 하면서 진하면서 여성스런 향이고 굉장히 고급스럽네요. 일반 다른 향수보다 오래가고 잔향이 오래 남아요. 가격은 비싸지만 그만큼 품질이 좋네요. 망설이지말고 사시라고 추천합니다.
635098,편의성/활용성,휴대하기도 안되고 실망스럽네요.,"향은 은은해서 자극적이지 않아서 좋습니다. 근데 향이 너무 약해서 뿌리는 그 순간 뿐이네요. 향이 오래 가지 않아요. 향이 너무 빨리 사라져서 휴대하려고 했는데, 분리가 안되는 제품이라 휴대하기도 안 되고 실망스럽네요."
635667,색상,엄청 고민하고 샀는데 다행히 컬러가 잘 맞긴 하네요.,커버력이랑 지속력때문에 OOO만 쓰게되네요. 컬러 고르기가 어려워서 매장가서 테스트해보고 구매했는데 피부톤에 안 맞았어요. 매장에서 정가주고 구매했는데 얼마못쓰구 여기서 다른 컬러로 다시 구매했습니다. 엄청 고민하고 샀는데 다행히 컬러가 잘 맞긴하네요.
635749,지속력/유지력,지속력 보습력 다 갖춘건 못만났습니다.,늘 쟁겨두는 아이템이네요. 면세에서 주로 샀었는데 이젠 OOO 에서 믿고 구매합니다. 이거보다 커버력 좋으면서 지속력 보습력 다 갖춘건못만났습니다. 색상도 여러가지라 좋아요.
635749,보습력/수분감,보습력 다 갖춘건 못만났습니다.,늘 쟁겨두는 아이템이네요. 면세에서 주로 샀었는데 이젠 OOO 에서 믿고 구매합니다. 이거보다 커버력 좋으면서 지속력 보습력 다 갖춘건못만났습니다. 색상도 여러가지라 좋아요.
637811,커버력,기미가 짙은 얼굴은 커버가 약하네요 .,평이 좋아서 구입했는데 기미가 짙은 얼굴은 커버가 약하네요. 끈적임이 있어서 머리카락도 달라 붙어요. 저에게는 안 맞는 제품입니다. 화장도 들뜨고 아침에 화장하면 오후에 화장이 다 지워져요. 기미 커버가 절반도 안되네요.
642269,발색력,중간 색상으로 구매했는데도 발색이 밝은 느낌이네요.,배송도 빠르고 케이스도 고급스럽고 좋긴합니다. 피부가 건조한편이라 발림이 뻑뻑한 듯하고 중간 색상으로 구매했는데도 발색이밝은 느낌이네요.
642798,유통기한,2025년 까지 길어서 좋습니다.,아직 발라보진 않았는데 서비스로 샘플 다른것도 보내주셔서 친절함에 리뷰 남깁니다 유통기한도 아주 길어요. 2025년까지 길어서 좋습니다.
287902,편의성/활용성,몇번두들기니 ᆢ금방커버되고,방금 도착하자마자 궁금해서 바로 생얼에 발랐어요 넓은모공 감쪽같이 가려주고 팔자주름까지 커버되네요 완죤신기방기 ᆢ거기다 윤기까지 ᆢ물광 ᆢ 꿀피부로 보입니다 대왕쿠션이라 몇번두들기니 ᆢ 금방커버되고 속이 시원하네요 재구매 의사100퍼 인생템 입니당
288069,제품구성,본품두개에 리필두개!!퍼프도 2개씩 4개에 비비도하나!! 구성 넘넘 만족합니다!!,너무좋아요!!케이스도 넘넘이쁘고 본품두개에 리필두개!! 퍼프도 2개씩 4개에 비비도하나!! 구성 넘넘 만족합니다!! 다쓰면 또구매할게요!!
648858,편의성/활용성,건조한 날씨엔 그냥 파운데이션 대신 쓰고 여름엔 수정 화장용으로 사용하기 좋아요.,늘 쓰던 쿠션입니다. 약간 노란끼있는 피부인데 핑크라이트 쓰면 화사해집니다. 요새처럼 건조한 날씨엔 그냥 파운데이션 대신 쓰고 여름엔 수정화장용으로 사용하기 좋아요.
651587,색상,컬러감은 톤다운 된 누드빛 팥색 핑크로 차분한 느낌을주네요.,입술색이 개인마다 차이가 있어서 사용하는 사람마다 발색이 다르네요. 바른 후 느낌은 촉촉함 보다 매트한 느낌이네요. 컬러감은 톤다운 된 누드빛 팥색 핑크로 차분한 느낌을 주네요.
658923,보습력/수분감,올 겨울 촉촉하게 보낼 수 있을 것 같아요.,동네 매장보다 저렴한 가격에 구입했어요. 환절기마다 꼭 필요한 필수품인 듯합니다. 이걸로 올겨울 촉촉하게 보낼 수 있을 것 같아요.
659667,지속력/유지력,아침에 한번 바르고 수정 화장 없이 쓰고 있습니다.,진짜 최애 컬러입니다. 아침에 한번 바르고 수정 화장없이 쓰고 있습니다. 완전 입술에 착붙어요. 노란피부라 립 색깔 찾기가 힘든데 컬러가 진짜 이쁩니다.
660192,가격,타쇼핑몰 보다 가격도 비싸요.,겨울철에 쓰려고 구매했어요. 그런데 보습력이 약해요. 타쇼핑몰보다 가격도 비싸요.
660405,기능/효과,지금 쓰기에 딱인 거 같습니다,정말 너무 좋네요. 왜 유명한지 알겠습니다. 발색이 너무 자연스러워서 회사에서나 마스크 쓰고 있는 지금 쓰기에 딱 인 거 같습니다. 지속력도 오래갑니다. 그리고 이쁘게 포장을 해주셔서 받을 때 기분까지 좋았습니다. 고맙습니다.
661547,발색력,오렌지 빛 코랄 색이 연하게 발색되어서 민낯에 발라도 예쁘고,"OO색상이 제 피부톤에 너무 잘 어울리고 좋습니다. 제형도 쫀득거려서 밀착되는 느낌이 너무 좋고, 오렌지빛 코랄 색이 연하게 발색되어서 민낯에 발라도 예쁘고 화장하고 발라도 연하게 발색 되어서 자연스럽게 너무 예쁩니다. 용량이 적은 게 아쉽긴 하지만 그래도 또 살 것 같습니다. 너무 마음에 들어요."
684887,편의성/활용성,간편하게 사용할수 있어서 자주 구매합니다.,간편하게 사용할 수 있어서 자주 구매합니다. 출근할 때 한번에 해결되어 시간 절약이 되고 향도 자극적이지 않아 좋습니다. 추천합니다.
694365,보습력/수분감,보습력이 좋은편입니다,피부가 건조한 편인데 발림이 좋고 보습력이 좋은 편입니다. 1+1이어서 가성비가 아주 좋아요. 앞으로도 계속 구입해서 사용할 것 같습니다. 향기도 좋아요. 촉촉합니다. 저렴한 가격에 구입해서 좋습니다.
697631,기능/효과,자외선차단이 되는 점도 좋네요.,항상 사용중인 제품인데 특히 여름철에 쓰기 좋아요. 선크림까지 한번에 바를 수 있어 편하고 자외선 차단이 되는 점도 좋네요. 전에는 1+1이었는데 지금은 아니라서 좀 아쉬워요.
698419,피부타입,수분부족지성에 여드름성 피부인데 이건 끈적임없이 무겁지 않다고,일본 불매운동 이후로 찾아쓰는 제품입니다. 신랑이 수분부족지성에 여드름성 피부인데 이건 끈적임 없이 무겁지 않다고 재구매 해달래서 다시 구매했어요.
698831,피부타입,피부가 워낙에 지성이라 이 제품밖에쓰지 않는데 매번 사용할 때마다 자극도없고 향도 은은하니 좋네요.,피부가 워낙에 지성이라 이 제품밖에쓰지 않는데 매번 사용할 때마다 자극도 없고 향도 은은하니 좋네요. 아마 이 점은 다들 잘 아실거예요. 배송 또한 좋았습니다. 근데 용량이 좀 작은 것 같아서 아쉬워요.
701909,기능/효과,제 피부에 딱맞는 제품인것 같아서 좋습니다.,재구매해서 사용하는 제품인데 제 피부에 딱맞는 제품인 것 같아서 좋습니다. 아주 마음에 꼭 들어요. 품질 좋은 제품을 살 수 있게 해주셔서 감사드려요.
705031,지속력/유지력,오래 가서 괜찮네요.,항상 사용하는 제품이라 재구매 했는데 빠르게 배송되었어요. 청량감이 좋고 향이 진하고 오래가서 괜찮네요.
687215,기능/효과,자외선 차단 기능이 있어서,자외선차단기능이 있어서 그런지 뻑뻑하게 발리네요. 그래도 올인원으로 한번만 바르면되니 편해요.
687508,제품구성,샘플을 좀 쓸때 없는 걸 줬어요.,신랑 사용하라고 구매했습니다. ㅇㅇ가 가격이 비싸지만 그냥 샀어요. 구성품이 쓸만한게 없네요. 샘플을 좀 쓸때없는 걸 줬어요. 가격도 비싼데 신경 좀 써 주세요. 타 사이트에서 더 저렴하게 살 수 있네요.
690316,향,강한향이 나는걸 싫어하시는분들은 안 맞을 것 같습니다.,ㅇㅇ향수를 쓰시는 분이라면 무조건 이 향을 좋아하실 것 같습니다. 우선 보습력은 일반 보습력 좋은 로션에 비하면 건조한 느낌이 있어요. 요즘은 거의 보습력이 좋으니까요. ㅇㅇㅇ는 나온 지가 오래돼서 인지 아무래도 요즘 제품보단 보습력이 약합니다. 심하게 건조하지는 않지만 발랐을때 촉촉한 느낌은 아니에요. 건성이라 보습력 좋은걸 따로 바르는데 이건 보습력 부족함은 있어요. 하지만 바르고서 나는 상쾌한 향은 좋습니다. 그래서 이걸 바르고 나가면 향이 좋아 항수를 뿌리고 나온걸로 아시는 분들도 있어요. 바로 나는 향은 좀 강한편입니다. 강한향이 나는걸 싫어하시는 분들은 안 맞을 것 같습니다.
