review_id,source,category,product_name,raw_text,aspect,sentiment_text,sentiment_polarity,model_input,label,original_aspect,normalization_reason,text_length,token_length,predicted_label,confidence,predicted_sentiment,true_sentiment
1029902,SNS,남성화장품,OO 스킨로션 200ml ,"요즘 남자들도 너무 강한 향보다 은은한 향을 더 좋아한다고 해요~ 향도 좋고 남자들이 쓰기 편한 ㅇㅇㅇ들어갑니다~! 처음 이 제품 사용하시는 분은 제형의 질감이 좀 묽다고 생각하실 수도 있는데, 그래서 피부에 더 빨리 스며들긴 합니다. 끈적임 없이 잘 흡수되어서 건성피부에도 충분히 수분감이 느껴지구요. 향이 산뜻하면서도 은은해서 좋습니다. 이거 한번이라도 써보신 분들은 거의 이것만 쓴다고 하시네요~ 향도 무난하고 모든 피부타입에 꽤 괜찮은 제품 ㅇㅇㅇ를 추천합니다~!",제형,제형의 질감이 좀 묽다고 생각하실 수도 있는데,0,[속성] 제형 [문장] 제형의 질감이 좀 묽다고 생각하실 수도 있는데,2,제형,unchanged,38,21,1,0.9634481072425842,부정,중립
709486,쇼핑몰,남성화장품,OO 스** 쉐이브 젤 195g 1개,항상 사용하는 제품이라서 떨어질 때마다 재구매하고 있습니다. 사용감이 무난합니다. 다른 제품은 안 써봐서 성능이 좋은 건지 어떤지는 잘 모르겠지만 그냥 문제 없이 쓰고 있어서 이번처럼 1+1 행사 할 때마다 삽니다.,사용감,사용감이 무난합니다.,0,[속성] 사용감 [문장] 사용감이 무난합니다.,2,사용감,unchanged,25,16,0,0.9235702157020569,긍정,중립
1027979,SNS,남성화장품,OO 블** EDT 125ml,향수는 시향하고 구입하는 편인데 이번에 시향 할 여건이 안 돼서 상품평 찾아보고 구입했어요. OO OOO 향수는 용량도 많은데 가격이 굉장히 저렴합니다. 향은 달콤한 향인 듯한데 좀 진한 느낌이라 생각보다 별로네요. 오히려 잔향이 더 나은 거 같아요. 지속시간도 좀 짧아요. 아침에 뿌리고 나가면 2-3시간 정도 지속돼서 작은 용기 따로 구입해서 갖고 다녀야 하네요. 다음에는 시향 할 때까지 참았다가 구입해야겠어요. 저는 재구매는 하지 않을 거예요.,지속력/유지력,아침에 뿌리고 나가면 2-3시간 정도 지속돼서 작은 용기 따로 구입해서 갖고 다녀야 하네요.,-1,[속성] 지속력/유지력 [문장] 아침에 뿌리고 나가면 2-3시간 정도 지속돼서 작은 용기 따로 구입해서 갖고 다녀야 하네요.,1,지속력/유지력,unchanged,69,40,0,0.9992824196815491,긍정,부정
1026362,SNS,남성화장품,OO 올인원 스킨 에센스 500ml,"TV에서 올인원 제품 광고하는 걸 보고 남편이 써 보고 싶다고 했는데 그건 비싸서... 찾아 보다가 OO 올인원 스킨 에센스를 구매해 봤어요. 처음 보는 브랜드인데 독보적으로 저렴하더라고요. 남편한테 왠지 미안하네요^^; 제품은 스킨도 로션도 아닌, 중간 쯤 되는 제형이더라고요. 발림성이 나쁘지 않아요. 향은 풀냄새 같은 향인데 좋지도 않고 나쁘지도 않고 그저 그런 정도. 촉촉하기만 하면 좋겠다고 생각했는데 아쉽게도 별로 촉촉하진 않다고 하네요. 그냥 안 바른 것보단 나은 정도의 보습력이라고...ㅜㅜ 가성비 때문에 구매하긴 했지만 가성비 빼곤 볼 게 없다는 결론입니다.",보습력/수분감,그냥 안 바른 것보단 나은 정도의 보습력이라고...ㅜㅜ,-1,[속성] 보습력/수분감 [문장] 그냥 안 바른 것보단 나은 정도의 보습력이라고...ㅜㅜ,1,보습력/수분감/쿨링감,merged_duplicate_label,48,31,2,0.9066974520683289,중립,부정
1029676,SNS,남성화장품,[1+1] OO 올인원 훼이스 트리트먼트 50ml,"남편이 며칠 출장을 다녀왔는데 스킨, 로션 싸 들고 가긴 번잡한 것 같아서 올인원을 하나 챙겨 줬답니다. 용기 사이즈가 생각보다 자그마한데, 오래 쓸 용도로 산 건 아니라서 괜찮긴 하지만 이걸 주로 사용하려고 한다면 가성비가 나쁘다고 느낄 것 같긴 합니다. 며칠 사용한 바로는, 향이 자극적이지 않고 제형도 부담없는 제형이어서 괜찮았다고 하네요. 산뜻하고 흡수도 잘 됐다고 하고요. 튜브 타입이고 이거 하나면 다 되다 보니까 역시 출장에 가지고 가기 좋아서 소기의 목적에 잘 맞는 제품이었던 것 같습니다. 집에서 두고 쓰기 좋게 용기가 더 큰 사이즈로도 나온다면 좋을 듯하네요.",용량/개수,용기가 더 큰 사이즈로도 나온다면 좋을 듯하네요.,-1,[속성] 용량/개수 [문장] 용기가 더 큰 사이즈로도 나온다면 좋을 듯하네요.,1,용량,merged_duplicate_label,43,26,2,0.7498837113380432,중립,부정
1025908,SNS,남성화장품,OO 옴므 블** 클렌저 125g,유튜버분이 이 제품으로 하루를 마무리 한다고 해서 저도 따라서 구매해봤어요! 저는 일단 별 4개입니다. 자세하게 화장품 분석해볼게요. 일단 제형은 쫀쫀하고 물이랑 살짝 묻쳐서 비비면 거품이 잘 나옵니다. 그리고 사용하고 나서는 깔끔하게 씻기면서 산뜻하고 개운해요. 향도 나쁘지 않아 얼굴에도 향이 남네요. 저렴한 가격에 잘 구매한 듯합니다. 저는 복합성 피부라 저한테는 잘 맞아요. 일단 더 사용해보고 재구매 할지말지 고민해볼게요 ㅎㅎ 별4개인 이유였습니다. 봐주셔서 감사해요~,제형,제형은 쫀쫀하고,0,[속성] 제형 [문장] 제형은 쫀쫀하고,2,제형,unchanged,21,14,0,0.6642107367515564,긍정,중립
713147,쇼핑몰,남성화장품,OO 질** 쉐이빙폼 175g 1개,향이 진하지 않고 상큼한 향이라 이 제품만 사용하고 있습니다. 대용량으로 나왔으면 좋겠습니다.,용량/개수,대용량으로 나왔으면 좋겠습니다.,0,[속성] 용량/개수 [문장] 대용량으로 나왔으면 좋겠습니다.,2,용량,merged_duplicate_label,33,20,1,0.9836800694465637,부정,중립
1023782,SNS,남성화장품,OO 뿌** 옴므 익스트림 EDT 100ml,남편 생일이 다가와서 어떤 향수를 사줄까 고민이 많았는데 직장 동료 추천을 받고 구매를 하게 되었습니다! 처음 사보는 브랜드라 좋을지 고민이 많았지만 평도 좋아서 구매를 했던 것 같아요~~!! 일단 이 제품의 경우에는 향이 정말 좋았습니다!! 남편이 선물을 받자마자 향을 맡았는데 향이 좋다며 칭찬을 많이 해주었어요~ 그리고 선물 포장도 예쁘게 잘 오는 제품이라 선물하기 좋은 제품인 것 같아요!! 가격도 엄청 비싼 편은 아니라서 한 번 구매해보시길 추천할게요! 저희 남편은 이제 이 향수만 뿌리고 있습니다~ 다른 향수는 사용을 안 하겠다고 하네요! 떨어지면 또 사 달라고 하는 걸 보니 마음에 정말 드나 봅니다^^ 남편 생일 선물로 어떠신가요? 가볍게 향수 선물하시길 바랄게요!! 저는 다음에 또 좋은 제품으로 찾아 올게요~,가격,가격도 엄청 비싼 편은 아니라서 한 번 구매해보시길 추천할게요!,1,[속성] 가격 [문장] 가격도 엄청 비싼 편은 아니라서 한 번 구매해보시길 추천할게요!,0,가격,unchanged,48,29,2,0.9106923937797546,중립,긍정
1027269,SNS,남성화장품,OO 포 맨 올인원 플루이드,안녕하세요~ ㅇㅇㅇ 남성 올인원 제품이 있어 소개해요~ 남성 제품인데도 순해서 남성 로션 특유의 향이나 시원함 그런 게 없고 향도 거의 없습니다. 그냥 순함 그 자체입니다. 제형은 크림과 에센스를 섞어 놓은 듯하구요. 보습도 괜찮긴 한데 건조하고 추운 날씨에는 크림 하나 더 발라줘야 해요. 건조한 타입에는 수분이 좀 부족한 듯합니다. 전체적으로 무난하고 괜찮은 제품인 것 같습니다. 예민한 피부에는 자극 없어 정말 좋을 것 같아요. 순함을 느껴보아요~,향,남성 로션 특유의 향이나 시원함 그런 게 없고 향도 거의 없습니다.,1,[속성] 향 [문장] 남성 로션 특유의 향이나 시원함 그런 게 없고 향도 거의 없습니다.,0,향,unchanged,49,28,1,0.9906632900238037,부정,긍정
1026317,SNS,남성화장품,OO 옴므 에센스 인 2종 세트,"남성들은 사실 화장품에 큰 관심을 두지 않는 경우가 많아서, 한 번 써 보고 괜찮다 싶으면 몇 년이고 쓰는 경우가 많죠? 저희집 남자들도 그렇게 OO OOO을 쓰고 있답니다. 처음에는 디자인이 제일 깨끗하고 마일드해 보여서 그냥 고른 건데요, 써 보니 다들 만족하며 정착하더라고요? 이것저것 골라 써 보기 귀찮대요ㅋㅋㅋ 향은 그냥 무난한 아저씨 향인데 강하게 나지 않아서, 강한 향을 콕 집어 선호하는 분이 아니라면 크게 취향 타진 않을 것 같아요. 적당히 촉촉하고, 끈적임 없고, 그래서 거슬림이 없다는 게 최고 장점이에요. 일단 바르고 나면 발랐는지 생각 안 나는 게 남성화장품의 가장 큰 미덕이 아닐까 싶네요. 그런 점에서 미덕이 충분한 제품입니다.",향,강한 향을 콕 집어 선호하는 분이 아니라면 크게 취향 타진 않을 것 같아요.,1,[속성] 향 [문장] 강한 향을 콕 집어 선호하는 분이 아니라면 크게 취향 타진 않을 것 같아요.,0,향,unchanged,54,32,2,0.989992082118988,중립,긍정
714144,쇼핑몰,남성화장품,OO 질** 쉐이빙젤 195g 1개,"남편이 폼타입말고 젤타입을 선호해서 주문했어요. 폼타입보다 가격은 더 비싼데, 피부에 자극이 없어 좋다고 합니다. 직접 써보진 않았지만 남편 최애템입니다. 폼타입처럼 가격 할인이나 행사 좀 했으면 좋겠습니다.",가격,폼타입처럼 가격 할인이나 행사 좀 했으면 좋겠습니다.,0,[속성] 가격 [문장] 폼타입처럼 가격 할인이나 행사 좀 했으면 좋겠습니다.,2,가격,unchanged,42,24,1,0.9902375340461731,부정,중립
711036,쇼핑몰,남성화장품,OO 멘** 애프터쉐이브 레귤러 165ml 2개,배송 완전 빠르네요. 친정 아빠가 필요하다고 해서 사 드렸는데 스킨 향이 너무 약하다고 더 강한향을 원하신다고 하시네요. 꼼꼼하게 면도해도 말끔하게 안 된다고 하셔서 다른 제품 검색하고 있어요.,향,강한향을 원하신다고 하시네요.,-1,[속성] 향 [문장] 강한향을 원하신다고 하시네요.,1,향,unchanged,28,19,0,0.5044990181922913,긍정,부정
1025875,SNS,남성화장품,OO 맨 올** 올인원 120ml,한방에 모든 것을 해결하는 올인원~ 저도 써보고 싶어서 한번 구매했습니다~~ 솔직한 저의 얘기 들어보실래요? 일단 향은 은은하지만 여자친구는 향이 강하다고 싫어하네요 ㅋㅋ 이런..ㅠ 잘 발라지고 보습력도 좋고 촉촉한 느낌도 좋아요. 근데 톤업 기능이 있다고 들었는데 저는 잘 모르겠네요?ㅎㅎ 약간 낮에는 번들거림이 있는 것 같아서 기름종이로 케어해야해요 ㅎㅎ 가격도 나쁘지 않고 보습력도 나쁘지 않아 대만족입니다. OO 화장품 짱! 재구매 의사 있습니다~~,향,향은 은은하지만,0,[속성] 향 [문장] 향은 은은하지만,2,향,unchanged,20,14,0,0.9995173215866089,긍정,중립
1025875,SNS,남성화장품,OO 맨 올** 올인원 120ml,한방에 모든 것을 해결하는 올인원~ 저도 써보고 싶어서 한번 구매했습니다~~ 솔직한 저의 얘기 들어보실래요? 일단 향은 은은하지만 여자친구는 향이 강하다고 싫어하네요 ㅋㅋ 이런..ㅠ 잘 발라지고 보습력도 좋고 촉촉한 느낌도 좋아요. 근데 톤업 기능이 있다고 들었는데 저는 잘 모르겠네요?ㅎㅎ 약간 낮에는 번들거림이 있는 것 같아서 기름종이로 케어해야해요 ㅎㅎ 가격도 나쁘지 않고 보습력도 나쁘지 않아 대만족입니다. OO 화장품 짱! 재구매 의사 있습니다~~,보습력/수분감,보습력도 나쁘지 않아 대만족입니다.,0,[속성] 보습력/수분감 [문장] 보습력도 나쁘지 않아 대만족입니다.,2,보습력/수분감/쿨링감,merged_duplicate_label,37,24,0,0.9594984650611877,긍정,중립
1025879,SNS,남성화장품,OO 우** 올인원 모이스처라이저 스킨 로션 200ml,여름에 이것저것 바르니깐 얼굴이 찍찍해진 것 같고 답답하더라구요. 그래서 한번에 가볍게 바르기 위해서 찾았습니다!! 일단 바르면 끈적이지 않고 가벼운 느낌이여서 좋네요. 산뜻하면서도 쿨링감이 있어서 그런지 여름에 사용하기 딱 좋습니다. 겨울에 사용하면 조금 건조할 것 같아요. 겨울에는 다른 크림도 발라 주는 게 좋을 것 같아요. 전 여름에만 사용할 거라 대만족입니다~~ 올인원 제품 많은데 그 중 OO가 최고예요!! 굿! 여름에 가볍게 사용하기 좋아요!!,기능/효과,겨울에는 다른 크림도 발라 주는 게 좋을 것 같아요.,-1,[속성] 기능/효과 [문장] 겨울에는 다른 크림도 발라 주는 게 좋을 것 같아요.,1,기능/효과,unchanged,45,28,2,0.9587135910987854,중립,부정
712250,쇼핑몰,남성화장품,OO 질** 스킨 쉐이브 크림 177ml 1개,1+1 행사해서 저렴하게 구매했습니다. 사업 때문에 해외에 자주 다니는 편인데 용기가 튜브형이라 좋습니다. 쉐이빙이 부드럽게 잘 됩니다. 사용감이 무난한 제품입니다.,사용감,사용감이 무난한 제품입니다.,0,[속성] 사용감 [문장] 사용감이 무난한 제품입니다.,2,사용감,unchanged,29,18,0,0.5595591068267822,긍정,중립
1027987,SNS,남성화장품,OO 옴므 에센스 인 스킨 125ml,"아빠가 늘 사용하는 제품이에요. 작년에 다른 거 쓰다가 피부 트러블 일어나서 다시 OO로 구매해서 사용하더라고요. OOO 스킨, 로션 사용하는데 피부가 끈적이지 않고 향도 은은하게 나서 좋다고 합니다. 사계절 내내 사용하기 좋고 가격도 나쁘지 않다고 하네요. 건성 피부에도 만족한다고 해요. 이번에 스킨만 구매하셔서 스킨, 로션 구매하시라도 말씀드렸어요. 여름에는 스킨만 발라도 건조하지 않다고 로션은 잘 안 바른다고 하시네요. 저희 아빠가 만족하는 제품이에요~",보습력/수분감,여름에는 스킨만 발라도 건조하지 않다고 로션은 잘 안 바른다고 하시네요.,1,[속성] 보습력/수분감 [문장] 여름에는 스킨만 발라도 건조하지 않다고 로션은 잘 안 바른다고 하시네요.,0,보습력/수분감/쿨링감,merged_duplicate_label,58,35,1,0.9259048104286194,부정,긍정
1027184,SNS,남성화장품,OO 맨 오 드 뚜왈렛,"저는 백화점에서 시향해보고 나서 저한테 잘 어울릴 거 같아서 구매했습니다. 호불호가 갈릴 수 도 있는 향인 거 같은데 저는 일단 향이 너무 매력적이어서 좋았습니다.약간의 스타일리시한 향도 느껴지면서 뜨거운 향이 느껴지는데 잔향은 은은하게 비누향이 나서 신기하더라고요. 게다가 오드 뚜왈렛인데도 불구하고 지속력이 강해요. 향이 워낙 무게감이 있어서 그런지 향이 오래 지속돼요. 분명 아침에 뿌리고 나갔는데 저녁 늦게 들어와도 옷에 향이 남아 있더라고요, 그래서 저는 너무 좋았답니다. 평범한 향이 싫다거나 남들 다 아는 향 뿌리기 싫으시다면, 이 제품 써보는 걸 추천드려요.",향,약간의 스타일리시한 향도 느껴지면서 뜨거운 향이 느껴지는데,0,[속성] 향 [문장] 약간의 스타일리시한 향도 느껴지면서 뜨거운 향이 느껴지는데,2,향,unchanged,44,24,0,0.9978942275047302,긍정,중립
1023724,SNS,남성화장품,OO 알** 옴므 스포츠 EDT 100ml,후다닥 뛰어 왔습니다ㅋㅋㅋㅋ 정말 좋은 제품을 가져왔습니다!!! 이 제품 쓰고 저도 여자친구가 생겼어요!!! 여자 친구가 맨날 향이 좋다며 제 옆에 붙어있어요 :) 여러분도 궁금 하시죠? 제품 후기 바로 시작할게요! 연애를 안 한지 거의 2년이 넘어가고 있었습니다. 그러다가 최근에 소개팅이 잡혀서 급하게 향수를 사야 했습니다. 백화점에서 친구랑 쇼핑을 하다가 명품 브랜드 향수를 팔아서 가격은 꽤 비쌌지만 시향을 해보니 향이 너무 섹시한 것 같아서 구매를 하게 되었습니다ㅎㅎㅎ 소개팅 전에도 시험 삼아 뿌리고 나갔는데... 주위에서 향이 좋다고 다들 그렇게 칭찬을 했습니다ㅋㅋㅋㅋ 자신감 있는 모습으로 소개팅 나가서 결국 여자친구를 사귀게 되었습니다~~!! 진짜 남성분들 이 제품 꼭 쓰세요!!!! 여자친구 없으신 분들도 있으신 분들도 꼭 쓰셔서 사랑 하셨으면 좋겠습니다~ 후기 읽어 주셔서 감사해요,향,시향을 해보니 향이 너무 섹시한 것 같아서 구매를 하게 되었습니다ㅎㅎㅎ,1,[속성] 향 [문장] 시향을 해보니 향이 너무 섹시한 것 같아서 구매를 하게 되었습니다ㅎㅎㅎ,0,향,unchanged,51,34,1,0.8754950165748596,부정,긍정
1026475,SNS,남성화장품,OO 아** 맨 올인원 120ml 1개,좋아요. 마음에 드는 제품입니다. 벌써 2번 구입을 했네요. 저는 이 제품 사용하고 다른 제품은 거들떠 보지도 않습니다. 추천 하고 싶어서 사용 후기 적어보네요. 피부 관리를 시작해야 할 나이가 왔습니다. 그래서 이 제품을 사게 되었습니다. 원래는 다른 제품을 썼는데 지금은 이 제품이 좋아서 계속 사용하고 있어요. 가격도 저렴하고 배송도 빠르고 무엇보다 OOO 제품이라서 믿고 쓸 수 있습니다. 제형도 흘러 내리지 않고 바르면 끈적이지 않아서 좋습니다. 촉촉함은 생각보다 약하지만 다른 제품과 비교하면 보습력이 엄청 나쁜 편은 아니라 괜찮습니다. 한 번 사용하시길 바랄게요. 제 사용 후기가 도움이 되시길 바라며 글 마무리 하도록 하겠습니다. 안녕히 계세요.,보습력/수분감,촉촉함은 생각보다 약하지만,0,[속성] 보습력/수분감 [문장] 촉촉함은 생각보다 약하지만,2,보습력/수분감/쿨링감,merged_duplicate_label,32,21,1,0.9996188879013062,부정,중립
711634,쇼핑몰,남성화장품,OO 스** 쉐이브 폼 245g 1개,어쩌다 한 번씩 씁니다. 사용감이 특별히 좋은건 잘 모르겠고 보통인 것 같습니다. 향도 거슬리지 않고 무난한 정도입니다. 쉐이빙폼을 원래 안 쓰다가 남들이 다 쓴다기에 구매해 봤습니다.,향,향도 거슬리지 않고 무난한 정도입니다.,0,[속성] 향 [문장] 향도 거슬리지 않고 무난한 정도입니다.,2,향,unchanged,33,20,0,0.8558094501495361,긍정,중립
710498,쇼핑몰,남성화장품,OO 맨 프** 애프터 쉐이브 로션 100ml 1개,그럭저럭 괜찮습니다. 향이 너무 강하고 보습력이 뛰어나진 않습니다. 하지만 가격대비로는 쓸 만해요. 보습력 좋은 걸 원하시면 다른 제품 알아보셔야 해요. 그냥 가성비가 좋은 정도일 뿐입니다.,가격,가성비가 좋은 정도일 뿐입니다.,1,[속성] 가격 [문장] 가성비가 좋은 정도일 뿐입니다.,0,가격,unchanged,30,19,2,0.9742783904075623,중립,긍정
1025880,SNS,남성화장품,OO 우** 올인원 모이스처라이저 스킨 로션 200ml,올인원 제품이 엄청 많이 나오더라구요? 많고 많은 제품 중에 OO! 추천해드릴게요~~ 저는 복합성 피부인데 생각보다 잘 맞는 것 같아요. 한번에 바르고 끝나서 너무 좋아요. 동생은 건성피부인데 건조하다고 하네요. 그래서 바르고 다른 수분크림도 살짝 발라줍니다. 모든 피부에는 다 잘 맞지 않으니 자신의 피부타입에 따라 사용하시면 될 것 같아요! 양도 적당히 많아서 오래 사용할 수 있어서 만족합니다. 피부관리 이제는 시작해보세요! 나중에 후회합니다..!ㅋ 저의 경험담이에요.,보습력/수분감,바르고 다른 수분크림도 살짝 발라줍니다.,-1,[속성] 보습력/수분감 [문장] 바르고 다른 수분크림도 살짝 발라줍니다.,1,보습력/수분감/쿨링감,merged_duplicate_label,40,24,2,0.9745892286300659,중립,부정
1025880,SNS,남성화장품,OO 우** 올인원 모이스처라이저 스킨 로션 200ml,올인원 제품이 엄청 많이 나오더라구요? 많고 많은 제품 중에 OO! 추천해드릴게요~~ 저는 복합성 피부인데 생각보다 잘 맞는 것 같아요. 한번에 바르고 끝나서 너무 좋아요. 동생은 건성피부인데 건조하다고 하네요. 그래서 바르고 다른 수분크림도 살짝 발라줍니다. 모든 피부에는 다 잘 맞지 않으니 자신의 피부타입에 따라 사용하시면 될 것 같아요! 양도 적당히 많아서 오래 사용할 수 있어서 만족합니다. 피부관리 이제는 시작해보세요! 나중에 후회합니다..!ㅋ 저의 경험담이에요.,피부타입,모든 피부에는 다 잘 맞지 않으니 자신의 피부타입에 따라 사용하시면 될 것 같아요!,-1,[속성] 피부타입 [문장] 모든 피부에는 다 잘 맞지 않으니 자신의 피부타입에 따라 사용하시면 될 것 같아요!,1,피부타입,unchanged,61,38,0,0.9602727890014648,긍정,부정
712321,쇼핑몰,남성화장품,OO 질** 스킨 쉐이브 크림 177ml 1개,면도용품을 많이 사용해본 건 아니지만 젤에 비해서 제형이 쫀쫀해서 거품이 잘 안나는 것 같아요. 자극적인 듯해서 젤로 다시 구매 해야겠어요.,제형,제형이 쫀쫀해서,0,[속성] 제형 [문장] 제형이 쫀쫀해서,2,제형,unchanged,21,14,0,0.8936245441436768,긍정,중립
1026070,SNS,남성화장품,OO 자** 플루이드 포 맨,안녕하세요~ 요즘 제가 사용하고 있는 화장품으로 좋아서 소개합니다. 자기 전에 매일 바르고 있어요. 자작나무 수액 성분이 함유되어 수분 공급을 도와줍니다. 세 가지 기능의 올인원이라 사용하기 너무 편한 것 같아요. 화장품 사용하는 걸 좋아하지 않는 타입에게 추천해요. 펌핑 타입으로 부드럽게 바르기 편합니다. 피부로 잘 스며들어 바르자마자 부드러운 느낌이고요. 자작나무 특유의 향도 살짝 있는 편이긴 하지만 이 제품 만족합니다. 자기 전에 수분을 발라보세요~,향,자작나무 특유의 향도 살짝 있는 편이긴 하지만 이 제품 만족합니다.,0,[속성] 향 [문장] 자작나무 특유의 향도 살짝 있는 편이긴 하지만 이 제품 만족합니다.,2,향,unchanged,49,27,0,0.9897594451904297,긍정,중립
1029774,SNS,남성화장품,OO 웜** 오 드 퍼퓸 ,"저는 한 향수를 꽤 오래 쓰는 편인데 이번에 한번 갈아탈까 해서 열심히 인터넷 검색을 했더니 많은 분들이 OO OOO 오드 퍼퓸을 추천해주셔서 구매해봤습니다. 저는 너무 자극적이지 않은 향을 선호해서 그냥 섬유유연제 같은 향 정도를 원했는데 이 제품이 딱 그정도 향이라고 하더라고요. 근데 제가 너무 기대를 많이 한건지 모르겠는데, 처음 뿌렸을때는 향이 기대와 좀 다른 느낌이었어요. 약간 제가 안 좋아하는 오렌지 향의 상큼한 향수 느낌입니다. 향의 지속력은 반나절 정도 가는 것 같았어요. 그래도 저는 오렌지향은 안좋아해서 다른 제품을 찾아 떠나보려고 합니다.",향,제가 안 좋아하는 오렌지 향의 상큼한 향수 느낌입니다.,-1,[속성] 향 [문장] 제가 안 좋아하는 오렌지 향의 상큼한 향수 느낌입니다.,1,향,unchanged,42,23,0,0.9957870841026306,긍정,부정
1029774,SNS,남성화장품,OO 웜** 오 드 퍼퓸 ,"저는 한 향수를 꽤 오래 쓰는 편인데 이번에 한번 갈아탈까 해서 열심히 인터넷 검색을 했더니 많은 분들이 OO OOO 오드 퍼퓸을 추천해주셔서 구매해봤습니다. 저는 너무 자극적이지 않은 향을 선호해서 그냥 섬유유연제 같은 향 정도를 원했는데 이 제품이 딱 그정도 향이라고 하더라고요. 근데 제가 너무 기대를 많이 한건지 모르겠는데, 처음 뿌렸을때는 향이 기대와 좀 다른 느낌이었어요. 약간 제가 안 좋아하는 오렌지 향의 상큼한 향수 느낌입니다. 향의 지속력은 반나절 정도 가는 것 같았어요. 그래도 저는 오렌지향은 안좋아해서 다른 제품을 찾아 떠나보려고 합니다.",지속력/유지력,향의 지속력은 반나절 정도 가는 것 같았어요.,0,[속성] 지속력/유지력 [문장] 향의 지속력은 반나절 정도 가는 것 같았어요.,2,지속력/유지력,unchanged,43,27,0,0.9992436170578003,긍정,중립
710495,쇼핑몰,남성화장품,OO 맨 프** 애프터 쉐이브 로션 100ml 1개,전에 쓰던 ㅇㅇ가 품절이어서 구매했는데요. 이름대로 확실히 시원한 향이고 향이 처음에는 강한데 점차 조금씩 조금씩 옅어지면서 잔향이 살짝 남네요. 잘 쓰고 있어요.,향,향이 처음에는 강한데,0,[속성] 향 [문장] 향이 처음에는 강한데,2,향,unchanged,23,16,1,0.9877929091453552,부정,중립
710495,쇼핑몰,남성화장품,OO 맨 프** 애프터 쉐이브 로션 100ml 1개,전에 쓰던 ㅇㅇ가 품절이어서 구매했는데요. 이름대로 확실히 시원한 향이고 향이 처음에는 강한데 점차 조금씩 조금씩 옅어지면서 잔향이 살짝 남네요. 잘 쓰고 있어요.,향,점차 조금씩 조금씩 옅어지면서 잔향이 살짝 남네요.,0,[속성] 향 [문장] 점차 조금씩 조금씩 옅어지면서 잔향이 살짝 남네요.,2,향,unchanged,40,23,0,0.7895285487174988,긍정,중립
1029650,SNS,남성화장품,OO 옴므 크** 올인원 150ml 기획(+25ml+25ml 증정),"OO는 제가 쓸 때마다 무난히 만족했던 브랜드라서 옴므 제품도 좋을 것 같아 기대가 됐어요. 열어 보니 제형이 거의 스킨에 가까운 워터 타입이어서 엄청 가볍겠다고 생각하긴 했는데, 발라 보니 생각보다는 촉촉했지만 역시 금세 수분감이 날아가더라고요. 제가 건성피부라서 더 건조하게 느낀 것도 있어요. 지성피부인 남편은 이 정도면 촉촉하다고 하는 걸 보면요. 그리고 끈적임도 저는 좀 끈적인다고 느꼈는데 남편은 끈적이는지 모르겠다고... 지성피부에는 썩 괜찮은가 봅니다. 같은 화장품을 발라 보고 이렇게 느낌이 다르다니 신기했어요ㅎㅎ 이런 게 바로 동상이몽인가요~",흡수력,남편은 끈적이는지 모르겠다고...,1,[속성] 흡수력 [문장] 남편은 끈적이는지 모르겠다고...,0,흡수력,unchanged,32,21,1,0.9972251653671265,부정,긍정
1026354,SNS,남성화장품,OO 더** 남성 기초 2종 세트,"예전에 몇 번 써 본 경험이 있어서 믿고 주문한 OO OOO 2종 세트 사용후기입니다. 전에 쓰던 게 다 떨어져서 빨리 배송이 왔으면 했는데, 주문 다음날 밤에 배송이 와서 너무 다행이었어요ㅎㅎ 유통기한은 무려 3년이 남아서 엄청 넉넉하네요. 향도 독하지 않고 흡수도 잘 돼서 좋은 기억으로 남아 있던 제품이었어요. 다시 사용해 봐도 역시 그런 것 같아요. 사계절 무난하게 아침저녁으로 쓰기 좋은 제품입니다. 한 가지만 계속 쓰면 질려 하는 성격이지만 이 제품은 다시 써도 좋은 걸 보니 좋은 제품 맞는 것 같아요ㅎ",향,향도 독하지 않고,0,[속성] 향 [문장] 향도 독하지 않고,2,향,unchanged,21,16,0,0.9959083795547485,긍정,중립
1024780,SNS,남성화장품,OO 향수,안녕하세요! 오늘은 남성 향수 하나 추천해 드릴려고 해요~ 사실 많은 분들이 잘 아실 것 같은 향수인데ㅎㅎ 바로 ㅇㅇㅇ입니다! 남자라면 한번씩 써본 향수일 정도로 굉장히 유명한 향수이죠ㅎㅎ 남성 향수라고 하면 묵직한 아빠 스킨 냄새를 많이 떠올리실 텐데 이 향수는 시트러스한 향이 좀 나는 향수에요. 향 지속력은 생각보다 오래가진 않지만 그래도 아예 사라져버리진 않아서 괜찮을 것 같아요! 케이스도 너무 예뻐서 인테리어용으로도 유용할 것 같네요ㅎㅎ 향수에 입문하고 싶으신 남성분들께 추천합니다~,향,이 향수는 시트러스한 향이 좀 나는 향수에요.,1,[속성] 향 [문장] 이 향수는 시트러스한 향이 좀 나는 향수에요.,0,향,unchanged,37,24,2,0.9125099182128906,중립,긍정
1026004,SNS,남성화장품,OO 원** EDT,안녕하세요~ 오늘은 남성 향수인ㅇㅇㅇ를 소개하려구요~ 친구 추천을 받아 남편 생일 선물로 구입했어요. ㅇㅇ에서 정품을 할인 쿠폰이랑 적립금 써서 괜찮은 가격에 구입할 수 있어서 만족하구요. 일단 제품 디자인이 고급스러우면서도 깔끔하고 너무 멋집니다. 이 디자인에 제가 반할 정도였습니다. 남편도 향이 강한 듯하면서도 아주 세련되고 지속력도 좋다고 아주 흡족해했습니다. 젊은 남자보다는 중년 남자에게 더 잘 어울리는 향인 것 같습니다. 향이 매력적이에요~ 이제 남편의 최애 향수가 될 것 같아요~,향,젊은 남자보다는 중년 남자에게 더 잘 어울리는 향인 것 같습니다.,1,[속성] 향 [문장] 젊은 남자보다는 중년 남자에게 더 잘 어울리는 향인 것 같습니다.,0,향,unchanged,48,29,2,0.9355170130729675,중립,긍정
1027324,SNS,남성화장품,OO 옴므 블** 플루이드,안녕하세요~ 오늘은 ㅇㅇ ㅇㅇㅇ제품이 어떤가 봅시당. 오랜만에 친정에 갔더니 친정아버지가 이걸 쓰고 계시더라구요. 어떤가 하고 봤더니 예전 ㅇㅇ가 아닌 듯했어요. 뭔가 바꼈나 싶기도 하고 향을 맡아 보려고 뚜껑을 열었더니 아하~! 펌프형으로 바꼈더라구요~ 아버지가 이건 올인원이라서 쓰기도 편한 대다가 펌프라 꾹~ 누르면 적당한 양이 나와서 사용하기 더 편해져서 이젠 ㅇㅇ를 계속 써야겠다며 좋아하셨어요. 리뉴얼된 ㅇㅇ 여러분도 만나보세요~,용기,펌프형으로 바꼈더라구요~,1,[속성] 용기 [문장] 펌프형으로 바꼈더라구요~,0,용기,unchanged,26,17,1,0.8957360982894897,부정,긍정
1028012,SNS,남성화장품,OO 맨 스킨&로션 세트,주변 친구들이 이 제품 쓰는 걸 보고 저도 따라 샀습니다. 지금 한달정도 쓰고 있는데 스킨 양이 조금 적어요. 로션을 많이 쓰는 것도 아니고 로션이랑 스킨 비율 비슷하게 쓰는데 로션이 많이 남았습니다. 그래서 그런지 유통기한도 좀 짧은 거 같아요. 괜히 유통기한 짧으면 찝찝하잖아요. 이 제품만 그런거면 어쩔 수 없지만...ㅎ 그래도 바르면 촉촉해서 겨울철 피부 관리에도 딱인 거 같아요. 한번 더 구매해보고 유통기한이 원래 짧은건지 아닌건지 확인을 좀 해봐야겠습니다.,유통기한,유통기한이 원래 짧은건지 아닌건지 확인을 좀 해봐야겠습니다.,-1,[속성] 유통기한 [문장] 유통기한이 원래 짧은건지 아닌건지 확인을 좀 해봐야겠습니다.,1,유통기한,unchanged,48,32,2,0.6137325167655945,중립,부정
1026071,SNS,남성화장품,OO 포 맨 콜** 올인원 ,안녕하세요~ 콜라겐이 함유된 올인원 제품 소개할게요~ 올인원이라 출근 준비하느라 바쁜 아침에 이거 하나로 해결해서 좋아요. 향이 거의 없어서 좋고요. 보습이 좋아 건조한 피부에도 잘 맞네요. 양이 많아서 얼굴하고 목에 듬뿍 바르고 있는데 너무 커서 얼핏 보면 샴푸인 줄 알 수도 있겠어요. 쓴 지 1년도 넘은 것 같네요. 펌핑 시 배출량이 많아서 이점은 조심하세요. 지속력이 오후까지 오래가서 너무 좋은 제품입니다. 이 제품으로 쭉 애용할 것 같아요~,용량/개수,너무 커서 얼핏 보면 샴푸인 줄 알 수도 있겠어요,0,[속성] 용량/개수 [문장] 너무 커서 얼핏 보면 샴푸인 줄 알 수도 있겠어요,2,용량,merged_duplicate_label,43,24,1,0.995851993560791,부정,중립
1026824,SNS,남성화장품,OO 코** 옴므 스킨 140ml,저희 집에 하도 친구들이 많이 와서 양 많은 제품을 찾다가 구입했습니다! 친구들이 오면 항상 제 화장품을 쓰거든요 ㅎㅎ 일단 용기 입구도 작아서 제형이 와르르 쏟아질 걱정이 없어요. 양도 생각보다 많아서 오래 쓰더라고요. 사실 제 입장에서는 가격이 싸고 용량이 많으면 좋아서 ㅋㅋ 친구들도 한번씩 써보더니 좋다면서 구매했다고 하네요! 유통기한도 길어서 오래 쓸 수 있지만 전 그 전에 다 씁니다 ㅎㅎ 스킨도 좋아서 로션도 구매해보려고요! 향에 예민한 여자친구도 싫어하지도 않고 저도 나쁘지 않아서 계속 구매하고 있습니다. 대용량 제품 찾으신다면 이 제품 어떠신가요? 나쁘지 않아요!! OO 스킨 추천해요~~ 저는 또 구매하러 가볼게요~,용량/개수,용량이 많으면 좋아서 ㅋㅋ,1,[속성] 용량/개수 [문장] 용량이 많으면 좋아서 ㅋㅋ,0,용량,merged_duplicate_label,30,18,1,0.9585440158843994,부정,긍정
1026824,SNS,남성화장품,OO 코** 옴므 스킨 140ml,저희 집에 하도 친구들이 많이 와서 양 많은 제품을 찾다가 구입했습니다! 친구들이 오면 항상 제 화장품을 쓰거든요 ㅎㅎ 일단 용기 입구도 작아서 제형이 와르르 쏟아질 걱정이 없어요. 양도 생각보다 많아서 오래 쓰더라고요. 사실 제 입장에서는 가격이 싸고 용량이 많으면 좋아서 ㅋㅋ 친구들도 한번씩 써보더니 좋다면서 구매했다고 하네요! 유통기한도 길어서 오래 쓸 수 있지만 전 그 전에 다 씁니다 ㅎㅎ 스킨도 좋아서 로션도 구매해보려고요! 향에 예민한 여자친구도 싫어하지도 않고 저도 나쁘지 않아서 계속 구매하고 있습니다. 대용량 제품 찾으신다면 이 제품 어떠신가요? 나쁘지 않아요!! OO 스킨 추천해요~~ 저는 또 구매하러 가볼게요~,향,향에 예민한 여자친구도 싫어하지도 않고 저도 나쁘지 않아서 계속 구매하고 있습니다.,0,[속성] 향 [문장] 향에 예민한 여자친구도 싫어하지도 않고 저도 나쁘지 않아서 계속 구매하고 있습니다.,2,향,unchanged,58,35,0,0.9832335114479065,긍정,중립
1026824,SNS,남성화장품,OO 코** 옴므 스킨 140ml,저희 집에 하도 친구들이 많이 와서 양 많은 제품을 찾다가 구입했습니다! 친구들이 오면 항상 제 화장품을 쓰거든요 ㅎㅎ 일단 용기 입구도 작아서 제형이 와르르 쏟아질 걱정이 없어요. 양도 생각보다 많아서 오래 쓰더라고요. 사실 제 입장에서는 가격이 싸고 용량이 많으면 좋아서 ㅋㅋ 친구들도 한번씩 써보더니 좋다면서 구매했다고 하네요! 유통기한도 길어서 오래 쓸 수 있지만 전 그 전에 다 씁니다 ㅎㅎ 스킨도 좋아서 로션도 구매해보려고요! 향에 예민한 여자친구도 싫어하지도 않고 저도 나쁘지 않아서 계속 구매하고 있습니다. 대용량 제품 찾으신다면 이 제품 어떠신가요? 나쁘지 않아요!! OO 스킨 추천해요~~ 저는 또 구매하러 가볼게요~,용량/개수,대용량 제품 찾으신다면 이 제품 어떠신가요? 나쁘지 않아요!!,0,[속성] 용량/개수 [문장] 대용량 제품 찾으신다면 이 제품 어떠신가요? 나쁘지 않아요!!,2,용량,merged_duplicate_label,50,30,0,0.6759390234947205,긍정,중립
714761,쇼핑몰,남성화장품,OO 몽** 레전드 EDT 100ml,향이 가볍지 않고 중후한 느낌이라 저에겐 어울리지 않는 향이네요. 향 지속력도 짧은 편이네요.,향,향이 가볍지 않고,-1,[속성] 향 [문장] 향이 가볍지 않고,1,향,unchanged,21,15,0,0.9755962491035461,긍정,부정
714761,쇼핑몰,남성화장품,OO 몽** 레전드 EDT 100ml,향이 가볍지 않고 중후한 느낌이라 저에겐 어울리지 않는 향이네요. 향 지속력도 짧은 편이네요.,향,중후한 느낌이라,-1,[속성] 향 [문장] 중후한 느낌이라,1,향,unchanged,20,15,0,0.8034757375717163,긍정,부정
1029710,SNS,남성화장품,OO 아** EDT 75ml,"OO 향수 중의 막내, OOO 리뷰입니다. 기존의 OO 향수들과 대비해서 머스크향이 첨가되어 좀 더 무게감과 시크함이 느껴지는 향입니다. 아무래도 기존 사용자들이 나이듦에 발맞춰 조향에 변화를 준 것 같아요. 그래서 30~50대, 어쩌면 그 이상까지도 폭넓게 어울릴 향이라는 생각이 드네요. 오드퍼퓸이 아니라서 지속력이 아주 길지는 않아요. 향 자체도 그리 강하지 않고요. 은은한 향을 즐기고 싶은 분들께 좋아요. 향수 구매하시려는 분들께 제 리뷰가 참고가 되었으면 좋겠네요.",향,향 자체도 그리 강하지 않고요.,0,[속성] 향 [문장] 향 자체도 그리 강하지 않고요.,2,향,unchanged,29,19,0,0.9487484693527222,긍정,중립
1029647,SNS,남성화장품,OO 옴므 크** 올인원 150ml 기획(+25ml+25ml 증정),"수부지 피부인 오빠를 위해서 동생이 인심 한 번 썼습니다ㅎㅎ 오빠는 피부가 깨끗한 편이지만 기름기가 많은 수부지 피부예요. 그러다 보니 더더욱 화장품 바르기를 등한시하는데요. 뭐라도 바르라고 이걸 줬더니 향도 거의 안 느껴지고 끈적이지 않아서 좋다고 하네요. 제형은 엄청 묽지만 생각보다 수분감이 좋다고 합니다. 건성피부면 부족함을 느낄 수 있겠지만, 저희 오빠는 수부지라서 이 정도로 딱 좋아요. 바르고 나니까 피부가 반질반질해지는 게 보입니다. 화장품 쉽고 빠르게 바르고 싶어 하는 분들께 무조건 추천입니다.",제형,제형은 엄청 묽지만,0,[속성] 제형 [문장] 제형은 엄청 묽지만,2,제형,unchanged,23,13,0,0.5167228579521179,긍정,중립
1029686,SNS,남성화장품,OO 포 맨 올인원 크림 150ml 기획세트(+30ml 증정),"남편한테 스킨, 로션으로 사다 주니까 자꾸 화장품 바르기 귀찮다고 건너뛰어서 올인원으로 사 봤습니다. 남자들은 끈적이는 거 싫어한다고 해서 보습력 강한 화장품이 별로 없던데 이 제품은 보습력이 강해서 좋았어요. 하나만 바르는데 보습이 약하면 너무 아쉬우니까요. 남편한테 도저히 크림까지 바르게 할 자신이 없었는데 제형이 로션과 크림 섞은 듯한 제형인 점도 마음에 듭니다. 그런데 향이 없어서 약간 마이너스입니다. 남편이 향긋한 걸 좋아해서 세탁할 때도 굳이 섬유유연제 꼭 넣거든요. 향이 없으니까 약간 심심해 하는 것 같네요^^; 하지만 향이 없어도 저는 이걸 계속 사다줄 거예요. 보습이 중요하니까요!",향,향이 없어도,-1,[속성] 향 [문장] 향이 없어도,1,향,unchanged,18,13,0,0.5731195211410522,긍정,부정
1027988,SNS,남성화장품,OO 옴므 에센스 인 스킨 125ml,남편 쓰라고 구입한 OO OOO 스킨이에요. 남편이 화장품 바르는 귀찮다고 밤에 바디로션으로 얼굴부터 발까지 한꺼번에 바르더라구요. 아침에는 화장품 안 바르고 얼굴이 당긴다고 해서 구입한 제품이에요. 구입해서 조용히 올려 뒀더니 아침에 바르면서 피부가 촉촉하고 향도 자극적이지 않아서 좋다고 합니다. 스킨만 바르고도 얼굴 당김이 없고 저녁에 집에 올 때까지도 건조하지 않다고 하네요. 진작에 OO 제품 구입해 줄 걸 그랬네요. 다음에는 로션도 같이 구매해 주려고요. 기획으로 저렴하게 나오면 좋을 거 같아요.,가격,기획으로 저렴하게 나오면 좋을 거 같아요.,0,[속성] 가격 [문장] 기획으로 저렴하게 나오면 좋을 거 같아요.,2,가격,unchanged,36,23,1,0.9883650541305542,부정,중립
1026532,SNS,남성화장품,OO 애프터쉐이브 스킨 200ml,아니 ㅋㅋㅋㅋㅋ 진짜... ㅋㅋㅋㅋㅋ이게 진짜 남자 스킨이죠.. 지금까지 다른 제품 많이 써 봤는데.. 다 하나씩 마음에 안 들었는데 이 제품은 진짜 그냥 남자 그 자체라 너무 마음에 드는 제품입니다!! 남자 스킨 고르다가 이 제품 발견했는데 후기가 많길래 나만 몰랐던 제품인가 하고 구입을 했어요! 알고 보니 엄청 오래 전에 나온 제품인데 아직까지 저만 몰랐던 것 같습니다. 일단 기대를 하며 세안 후에 뚜껑 까서 냄새부터 맡았는데 역시 좋아요. ㅋㅋㅋㅋ이게 남자 스킨이죠 ㅋㅋㅋㅋ완전 강렬한 알코올 향이 심장을 두근 거리게 만들었습니다 ㅋㅋㅋㅋ 딱 피부에 발라주니 엄청난 시원함이 쏵~ 모공을 확 잡아주는 듯한 시원함에 기분이 좋았습니다!! 면도 후에 바르니까 진정도 되어서 앞으로 계속 쓸 것 같네요!! 진정한 남자들의 스킨!! 아주 아주 만족하고 있습니다!!! 본인이 진정한 남자라고 생각이 드시면 한 번 써보시는 거 추천 드릴게요,향,완전 강렬한 알코올 향이 심장을 두근 거리게 만들었습니다 ㅋㅋㅋㅋ,1,[속성] 향 [문장] 완전 강렬한 알코올 향이 심장을 두근 거리게 만들었습니다 ㅋㅋㅋㅋ,0,향,unchanged,48,26,1,0.8364850282669067,부정,긍정
1023542,SNS,남성화장품,OO 온** 포 맨 올인원 에센스 ,"남자친구가 이번에 스킨 로션이 필요한데 추천 좀 해달라고 해서 뭘 선물해줄까 고민하다가 올인원 제품을 선택했어요! 저희 남자친구가 귀차니즘이 심한데다가 겨울이라 보습력있고 자극없는 제품을 찾았습니다. 제 남자친구는 일이 바쁘고 꼼꼼하게 바르는 성격은 더욱 더 아니라 묽은 제형의 올인원을 택했습니다. 먼저 향은 목욕탕 스킨냄새까지는 아니어도 조금 아쉽다는 느낌이 들었지만 그래도 후레쉬한 향이라는 느낌이 들었습니다. 제형이 묽은 유형이라 발림성은 좋고, 세안하고 아무렇게나 발라도 자극이 없어서 좋다고 합니다. 펌핑해서 쓰는 거라 양 조절하기 힘든 사람에게도 제격인 거 같아요. 제가 손에 해보니, 흡수성이 빠른 편은 아니라 골고루 펴바른 뒤 손가락이나 손바닥으로 몇번 탁탁 두드리면 더 잘 흡수가 되더라고요. 남친도 해줬는데 앞으로 할까 모르겠네요. 피부좋은 남자가 되고 싶으시면 올인원 제품을 쓰면서, 마스크팩을 일주일에 두세번 해주면 엄청 도움이 될 것 같아요! 생각난 김에 오늘 남친 마스크팩 좀 해줘야겠어요~",흡수력,흡수성이 빠른 편은 아니라 골고루 펴바른 뒤 손가락이나 손바닥으로 몇번 탁탁 두드리면 더 잘 흡수가 되더라고요.,0,[속성] 흡수력 [문장] 흡수성이 빠른 편은 아니라 골고루 펴바른 뒤 손가락이나 손바닥으로 몇번 탁탁 두드리면 더 잘 흡수가 되더라고요.,2,흡수력,unchanged,76,41,1,0.8119197487831116,부정,중립
709533,쇼핑몰,남성화장품,OO 스** 쉐이브 젤 195g 1개,아들이 필요하다고 사달라고 하네요. 순하고 거품이 쫀쫀해서 좋은데 좀 더 풍부한 거품이면 좋을 것 같다고 합니다.,기능/효과,풍부한 거품이면 좋을 것 같다고 합니다.,-1,[속성] 기능/효과 [문장] 풍부한 거품이면 좋을 것 같다고 합니다.,1,기능/효과,unchanged,38,22,2,0.6816577911376953,중립,부정
1027185,SNS,남성화장품,OO 맨 오 드 뚜왈렛,일단 저는 향수 덕후로 여자꺼부터 남자꺼 까지 여러개 모으고 있는데요. 이 제품이 후기가 좋길래 구매했습니다. 일단 향은 제 스타일이 아니었어요. 약간 마성의 남성이 쓸 거 같은 유니크한 향이라서 이번에 한 번 쓰고 다른 사람 줘야겠다 생각했는데 시간이 지나면 지날수록 잔향이 너무넘너무 좋은거예요. 계속 킁킁거리게 되고 ㅋㅋㅋㅋㅋㅋㅋ 내가 아까 뿌린 그 향수가 맞나 싶을 정도로 향이 좋았어요. 그래서 첫 뿌렸을 때의 탑 노트 향은 싫지만 잔향이 좋아서 꾹 참고 쓰고 있습니다ㅎㅎㅎ 막 사라고 추천은 못하겠지만.... 잔향이 미치도록 좋아서 한번 맡으면 구매해 보시는걸 어떨까 생각이 듭니다.,향,마성의 남성이 쓸 거 같은 유니크한 향이라서,-1,[속성] 향 [문장] 마성의 남성이 쓸 거 같은 유니크한 향이라서,1,향,unchanged,36,24,0,0.8162943720817566,긍정,부정
1029966,SNS,남성화장품,OO 아** EDT 75ml,남자친구 승진 선물로 픽한 향수 후기예요. 원래 쓰던 향수보다 약간 더 묵직한 향이에요. 이제 직급이 무거워진 만큼 향도 살짝 무게감을 더하는 게 좋을 것 같아서요ㅎㅎ 은근히 세심하게 신경을 썼답니다. 향이 가볍지 않으면서도 약간 시트러스 계열의 상큼함도 섞여 있어서 조화가 좋다고 느꼈어요. 원래는 대용량을 사려고 했는데 이것만 세일을 하고 있어서 가성비로 골랐습니다. 지속시간은 한나절 정도로 짧은 편인 것 같아요. 사무실에 두고 오후에 한 번 더 뿌리면 될 듯해요. 케이스도 올블랙으로 심플하고 세련돼서 사무실에 둬도 근사할 것 같고 딱 마음에 듭니다. 사용하면서 마음에 들어 하면 다음에는 대용량으로 사 줘야겠어요.,향,약간 더 묵직한 향이에요.,1,[속성] 향 [문장] 약간 더 묵직한 향이에요.,0,향,unchanged,26,18,2,0.9731151461601257,중립,긍정
1026203,SNS,남성화장품,OO 원** 오 드 뚜왈렛 ,"향수를 사랑하는 남편이 이번에 케이스가 마음에 든다며 OO 향수를 구매했습니다. 정말 금괴 모양의 케이스를 보면 저도 탐이 날정도로 고급스러운 느낌이 납니다. 케이스가 진짜 금괴를 손에 쥔듯 묵직한 무게감도 있습니다. OO 남자향수는 차갑게 얼린 자몽, 오렌지, 페퍼민트라고 나와있는데 과일향 느낌보다는 굉장히 묵직한 향이 납니다. 하지만 부담스러운 향은 아닙니다. 남자여자 공용으로 써도 무리가 없는 향입니다. 아쉬운 점은 저는 손 힘이 좀 약한 편인데 뿌리기가 좀 힘들었어요. 누르는 게 좀 힘들다고 해야하나요. 그리고 분사는 퍼지는 게 아니고 일자로 나오는 부분도 좀 아쉬웠습니다. 하지만 저희 남편이 뿌리는 거니, 마음에 드는지 물어봤습니다. 자기 셔츠에 너무 잘 어울리는 향이라며 이것만 요즘 뿌리고 다녀요. 남편 마음에만 들면 됐죠 뭐 ~ 케이스가 고급진 느낌도 나고 잔향도 은은하게 남아 뭐 옆에 있는 사람은 맡으면 부담없이, 아 좋은 향이네 라는 생각이 듭니다. 뿌리는 건 남편이니 저는 그냥 좋은 향 맡으렵니다!",향,부담스러운 향은 아닙니다.,1,[속성] 향 [문장] 부담스러운 향은 아닙니다.,0,향,unchanged,26,15,2,0.7608557939529419,중립,긍정
668500,쇼핑몰,메이크업/뷰티소품,OO 후** 립케어 4.8g 1개,"바를 때는 촉촉하지만, 바르고 난 뒤 보습력은 좀 부족하네요. 바로 흡수되어 마르고 보습력이 사라져요. 바르면 그 때 뿐이라서 효과는 없어요. 발색력은 은은해서 재구매 할 것 같아요.",흡수력,바로 흡수되어 마르고,-1,[속성] 흡수력 [문장] 바로 흡수되어 마르고,1,흡수력,unchanged,25,16,0,0.9996114373207092,긍정,부정
663045,쇼핑몰,메이크업/뷰티소품,OO 일** 무향 립밤 3.2g 1개,무향이라 향에 민감한 사람들한테 좋은거 같네요. 보습력은 아주 막 좋은거 같지는 않네요. 살짝 기름진 느낌만 있는듯 해요.,보습력/수분감,보습력은 아주 막 좋은거 같지는 않네요.,-1,[속성] 보습력/수분감 [문장] 보습력은 아주 막 좋은거 같지는 않네요.,1,보습력/수분감/쿨링감,merged_duplicate_label,40,28,2,0.6745016574859619,중립,부정
661917,쇼핑몰,메이크업/뷰티소품,OO 루** 슬림 쉬어 마뜨 2g 1개,생크림처럼 부드럽고 촉촉합니다. 제형이 단단하지 않아서 부러질 수 있어 조심해서 사용해야 합니다. 색상은 또렷하게 표현되고 발색은 빨강인데 오렌지색도 나오네요.,발색력,발색은 빨강인데 오렌지색도 나오네요.,1,[속성] 발색력 [문장] 발색은 빨강인데 오렌지색도 나오네요.,0,발색력,unchanged,34,22,2,0.7217378616333008,중립,긍정
672327,쇼핑몰,메이크업/뷰티소품,OO 무** 멀티 아이 컬러 팔레트 8.1g 1개,상품 품질이 좋아요. 마음에 드네요. 여러가지 색이 들어 있어서 좋은데 발색은 잘 모르겠네요. 제가 화장을 잘 못해서 발색이 잘 안 되는지도 모르겠지만요.,발색력,발색은 잘 모르겠네요.,-1,[속성] 발색력 [문장] 발색은 잘 모르겠네요.,1,발색력,unchanged,26,18,2,0.9898626804351807,중립,부정
672327,쇼핑몰,메이크업/뷰티소품,OO 무** 멀티 아이 컬러 팔레트 8.1g 1개,상품 품질이 좋아요. 마음에 드네요. 여러가지 색이 들어 있어서 좋은데 발색은 잘 모르겠네요. 제가 화장을 잘 못해서 발색이 잘 안 되는지도 모르겠지만요.,발색력,제가 화장을 잘 못해서 발색이 잘 안 되는지도 모르겠지만요.,-1,[속성] 발색력 [문장] 제가 화장을 잘 못해서 발색이 잘 안 되는지도 모르겠지만요.,1,발색력,unchanged,47,28,2,0.6259050369262695,중립,부정
667314,쇼핑몰,메이크업/뷰티소품,OO 울** 립글로우 3.4g 1개,자연스러운 발색 때문에 민낯에 즐겨 바릅니다. 자연스럽게 입술에 생기를 줘서 너무 좋습니다. 원래 코랄 색상이 마음에 들어서 오래 사용했는데 약간 질려서 울트라핑크 색상으로 바꿔 봤더니 이 색상도 발색 자연스럽게 됩니다. 코랄 색상이 바르고 시간 지나면 불그레한 분홍색 또는 연한 다홍색을 띄는데 울트라핑크는 거기서 붉은기가 빠진 은은한 분홍으로 발색이 됩니다. 정말 은은하게 발색 돼서 좋습니다. 입술에 틴트 먼저 바르고 이 제품을 덧바르면 촉촉하고 색상도 오래 남아 있습니다.,발색력,울트라핑크는 거기서 붉은기가 빠진 은은한 분홍으로 발색이 됩니다.,0,[속성] 발색력 [문장] 울트라핑크는 거기서 붉은기가 빠진 은은한 분홍으로 발색이 됩니다.,2,발색력,unchanged,50,29,0,0.9868546724319458,긍정,중립
664423,쇼핑몰,메이크업/뷰티소품,OO 파** 리퀴드 립컬러 5ml 1개,연한 칠리 색입니다. 제 피부톤엔 안 맞을 것 같지만 욕심으로 구매했는데 그래도 색상이 좀 어울리네요. 단독으로 발색해도 엄청 분위기 있고 예쁩니다. 솔도 둥글둥글하니 바르기 편하고 발림성이 부드러워요. 그런데 손으로 가볍게 문지르면 지워집니다. 매트립스틱이랑은 지속력이 달라요. 지속력은 낮지만 색상과 발림성이 너무 마음에 듭니다. 좋은 제품이에요.,지속력/유지력,매트립스틱이랑은 지속력이 달라요.,-1,[속성] 지속력/유지력 [문장] 매트립스틱이랑은 지속력이 달라요.,1,지속력/유지력,unchanged,36,24,2,0.8020433783531189,중립,부정
672373,쇼핑몰,메이크업/뷰티소품,OO 무** 멀티 아이 컬러 팔레트 8.1g 1개,"펄 없는 색감의 아이쉐도우라, 밝은 색 위주로 바르니 별로네요. 발색력이 약해서 잘 섞어서 사용해야 되는 제품입니다. 약하게 발색되므로 라이너를 사용해야 효과가 좋은 쉐도우네요. 바르다 보면 익숙해지긴 하는데 사용하기 불편해서 화장을 잘 안 하시는 분들께는 추천하지 않습니다. 그래도 발색은 OOO이 예뻐요. 여러가지 연출을 위해 팔레트 하나만 활용해도 좋아요.",기능/효과,라이너를 사용해야 효과가 좋은 쉐도우네요.,1,[속성] 기능/효과 [문장] 라이너를 사용해야 효과가 좋은 쉐도우네요.,0,기능/효과,unchanged,39,25,1,0.9831081032752991,부정,긍정
661840,쇼핑몰,메이크업/뷰티소품,OO 루** 슬림 쉬어 마뜨 2g 1개,"발림성 좋으나 발색은 잘 모르겠습니다. 입술이 자주 트는 편인데 촉촉해서 좋아요. 이런 계열의 색상이 잘 안 어울리는데, 이 제품은 은은하게 발색 돼서 그런지 괜찮은 편이네요. 촉촉한 제품이라서 끈적인다는 느낌도 살짝 있습니다. 거슬릴 정도의 끈적임은 아니에요. 착색이 좋은 편은 아닌 것 같습니다.",발색력,발색은 잘 모르겠습니다.,-1,[속성] 발색력 [문장] 발색은 잘 모르겠습니다.,1,발색력,unchanged,27,18,2,0.9914073348045349,중립,부정
667148,쇼핑몰,메이크업/뷰티소품,OO 울** 립글로우 3.4g 1개,발색이 너무 예쁩니다. 웜톤이라 핑크색을 조금 걱정하며 샀는데 웜톤에도 잘 어울리는 핑크색으로 발색되어서 만족합니다. 배송도 좋고 완충제로 포장도 잘 되어 왔어요. 흠집 난거 하나도 없습니다.,발색력,발색이 너무 예쁩니다.,1,[속성] 발색력 [문장] 발색이 너무 예쁩니다.,0,발색력,unchanged,26,15,1,0.8004364967346191,부정,긍정
668380,쇼핑몰,메이크업/뷰티소품,OO 후** 립케어 4.8g 1개,"색이 있는 립밤을 원해서 구입했습니다. 색은 있는데, 발림성이 좋지는 않습니다. 제형이 쉽게 물러져서 오래 갈 것 같지는 않습니다.",색상,"색은 있는데,",1,"[속성] 색상 [문장] 색은 있는데,",0,색상,unchanged,20,14,2,0.990810751914978,중립,긍정
669591,쇼핑몰,메이크업/뷰티소품,OO 에** 슈퍼 롱래쉬 6ml 1개,밀착력은 좋은데 뭉치는 경향이 있습니다. 제형이 솔에 안 묻는 느낌이 듭니다. 저의 스킬이 부족한지 롱래쉬의 기능을 잘 못하는 것 같습니다.,제형,제형이 솔에 안 묻는 느낌이 듭니다.,-1,[속성] 제형 [문장] 제형이 솔에 안 묻는 느낌이 듭니다.,1,제형,unchanged,33,20,0,0.9970270991325378,긍정,부정
670116,쇼핑몰,메이크업/뷰티소품,OO 에** 드로잉 아이브라우 0.25g 1개,ㅇㅇㅇ펜슬만큼 발색 잘 되고 잘 그려지는 것도 없는것 같습니다. 싸긴한데 양이 좀 빨리 닳는게 단점이네요.,발림성,잘 그려지는 것도 없는것 같습니다.,1,[속성] 발림성 [문장] 잘 그려지는 것도 없는것 같습니다.,0,발림성,unchanged,33,23,1,0.9991639852523804,부정,긍정
661833,쇼핑몰,메이크업/뷰티소품,OO 루** 슬림 쉬어 마뜨 2g 1개,매트하지 않게 발려서 너무 잘 사용하고 있습니다. 이 제품 라인들은 잘 발려서 좋고 골드 라인들은 너무 매트해서 저는 별로였어요. 이건 잘 발리고 지속력도 나쁘지 않고 너무 매트하지도 않아서 이것만 바르고 다니고 있습니다.,지속력/유지력,지속력도 나쁘지 않고,1,[속성] 지속력/유지력 [문장] 지속력도 나쁘지 않고,0,지속력/유지력,unchanged,29,20,2,0.7935554385185242,중립,긍정
663500,쇼핑몰,메이크업/뷰티소품,OO 맨** 케어 4.8g 1개,겨울이 되서 한번 구매해봤어요. 향도 없고 색도 없어서 좀 밋밋하네요. 제형이 물러서 약간 뭉개짐도 있어요. 겨울 한철 쓰기에는 양이 너무 많습니다.,용량/개수,겨울 한철 쓰기에는 양이 너무 많습니다.,-1,[속성] 용량/개수 [문장] 겨울 한철 쓰기에는 양이 너무 많습니다.,1,용량/개수,unchanged,38,24,0,0.8999601602554321,긍정,부정
665019,쇼핑몰,메이크업/뷰티소품,OO 벨** 립틴트 4g 1개,매트하게 발리고 마스크에 묻어나네요. 약간 오렌지 빛으로 발색되는데 연해서 별로에요.,발림성,매트하게 발리고,-1,[속성] 발림성 [문장] 매트하게 발리고,1,발림성,unchanged,22,16,2,0.8828755617141724,중립,부정
663086,쇼핑몰,메이크업/뷰티소품,OO 일** 무향 립밤 3.2g 1개,자주 구매하는 립밤입니다. 무향에 저자극이라 하루에 자주 사용해도 괜찮습니다. 용량이 작아서 그런지 금방 사용해서 큰 사이즈도 판매하면 좋겠네요. 슬림해서 휴대하기는 편해요. 케이스도 심플해서 좋습니다.,향,무향에,1,[속성] 향 [문장] 무향에,0,향,unchanged,15,12,2,0.9236694574356079,중립,긍정
661816,쇼핑몰,메이크업/뷰티소품,OO 루** 슬림 쉬어 마뜨 2g 1개,제형이 매트하지만 보습력이 좋아 촉촉하고 착색력이 좋습니다. 바르고 잠시만 기다리면 색이 확 올라와요. 자연스러운 색 좋아하시는 분이라면 이 색이 딱입니다. 향도 좋아 바를 때 기분 전환되네요. 다만 지속력이 조금 떨어져서 차 마시고 나면 지워져 다시 발라야 됩니다. 그래도 좋아요. 마음에 들어요.,발색력,바르고 잠시만 기다리면 색이 확 올라와요.,1,[속성] 발색력 [문장] 바르고 잠시만 기다리면 색이 확 올라와요.,0,발색력,unchanged,37,22,1,0.9962896108627319,부정,긍정
661816,쇼핑몰,메이크업/뷰티소품,OO 루** 슬림 쉬어 마뜨 2g 1개,제형이 매트하지만 보습력이 좋아 촉촉하고 착색력이 좋습니다. 바르고 잠시만 기다리면 색이 확 올라와요. 자연스러운 색 좋아하시는 분이라면 이 색이 딱입니다. 향도 좋아 바를 때 기분 전환되네요. 다만 지속력이 조금 떨어져서 차 마시고 나면 지워져 다시 발라야 됩니다. 그래도 좋아요. 마음에 들어요.,제형,제형이 매트하지만,-1,[속성] 제형 [문장] 제형이 매트하지만,1,제형,unchanged,22,14,2,0.9777209162712097,중립,부정
667000,쇼핑몰,메이크업/뷰티소품,OO 울** 립글로우 3.4g 1개,OOO 립밤 몇 년째 쓰다가 다른 색상으로 바꿔서 구입했네요. 언제나 마무리는 립글로우로 촉촉해서 좋은데 무색이면 좋을 듯합니다. 가격도 좀 내리면 좋을 것 같아요.,색상,무색이면 좋을 듯합니다.,-1,[속성] 색상 [문장] 무색이면 좋을 듯합니다.,1,색상,unchanged,26,16,2,0.9764225482940674,중립,부정
666132,쇼핑몰,메이크업/뷰티소품,OO 한** 립밤 4g 1개,"립밤1호, 립밤2호 두 개 샀습니다. 립밤1호를 먼저 쓰고 있는데 품질에 만족합니다. 립밤2호도 발색만 다르고 보습 효과는 비슷할듯해요.",발색력,립밤2호도 발색만 다르고,0,[속성] 발색력 [문장] 립밤2호도 발색만 다르고,2,발색력,unchanged,27,19,1,0.9406223297119141,부정,중립
662810,쇼핑몰,메이크업/뷰티소품,OO 속** 틴트 1.6g 1개,색감이 진하고 사이즈가 너무 작아 아쉽네요. 그냥 애들 장난감 같아요. 너무 짙은 발색력이 아쉽고 향도 생각보다 별로네요.,색상,색감이 진하고,0,[속성] 색상 [문장] 색감이 진하고,2,색상,unchanged,20,13,0,0.8090598583221436,긍정,중립
671782,쇼핑몰,메이크업/뷰티소품,OO 샤** 섀도우 스틱 1.4g 1개,"사진상으로는 너무나 예뻐서 주문하고 엄청 기대하고 기다렸어요. 막상 발라보니 색이 너무 옅고, 사진만큼 색상이 예쁘지 않아 실망입니다. 바꾸거나 반품하기 귀찮아서 그냥 있는걸로 맞춰 씁니다.",색상,"색이 너무 옅고,",-1,"[속성] 색상 [문장] 색이 너무 옅고,",1,색상,unchanged,22,14,0,0.9946787357330322,긍정,부정
664080,쇼핑몰,메이크업/뷰티소품,OO 파** 리퀴드 립컬러 5ml 1개,평소 ㅇㅇㅇ을 자주 사용하는데 이건 매트하면서도 부드럽게 잘 발리고 색도 밝은 오렌지색으로 여름에 바르기 정말 좋습니다.,보습력/수분감,매트하면서도,0,[속성] 보습력/수분감 [문장] 매트하면서도,2,보습력/수분감/쿨링감,merged_duplicate_label,24,17,0,0.9715598225593567,긍정,중립
668306,쇼핑몰,메이크업/뷰티소품,OO 후** 립케어 4.8g 1개,"흡수력은 만족스럽지 않지만 발림성도 그렇고 나쁘지 않습니다. 향도 과일향이라 딱히 호불호가 나뉘진 않을듯 합니다. 지속력은 보통이고, 건조한 날씨에는 립제품들을 필수로 써야되요.",발림성,발림성도 그렇고 나쁘지 않습니다.,1,[속성] 발림성 [문장] 발림성도 그렇고 나쁘지 않습니다.,0,발림성,unchanged,32,23,2,0.9531329870223999,중립,긍정
663410,쇼핑몰,메이크업/뷰티소품,OO 맨** 케어 4.8g 1개,보습력은 괜찮은 편이네요. 남자가 쓰기에는 다소 끈적이고 유광 느낌이 있어서 많이 바르지는 못할 것 같습니다. 디자인은 괜찮으나 좀 두껍게 발리는 느낌이 있어서 제형이 좀 더 슬림하면 좋겠네요.,흡수력,유광 느낌이 있어서,-1,[속성] 흡수력 [문장] 유광 느낌이 있어서,1,흡수력,unchanged,24,17,0,0.9994450211524963,긍정,부정
671705,쇼핑몰,메이크업/뷰티소품,OO 프** 아이팔레트 6g 1개,나머지 컬러는 모르겠지만 펄감이 화사해서 너무 좋습니다. 애교살 칠할 자연스러운 골드 쉐도우 원했는데 이 제품은 제형의 펄 입자가 커서 따로 사야 될 것 같습니다. 근데 펄감은 화사해서 진짜 만족입니다.,제형,제형의 펄 입자가 커서,0,[속성] 제형 [문장] 제형의 펄 입자가 커서,2,제형,unchanged,25,15,0,0.8733246326446533,긍정,중립
671119,쇼핑몰,메이크업/뷰티소품,OO 프** 아이팔레트 6g 1개,다른 사이트보다 저렴하진 않은데 적립금이 있어서 구매했습니다. 민감성 피부인데 이 제품은 피부에 뭐가 나고 발색도 안 예쁘네요.,피부타입,민감성 피부인데 이 제품은 피부에 뭐가 나고,-1,[속성] 피부타입 [문장] 민감성 피부인데 이 제품은 피부에 뭐가 나고,1,피부타입,unchanged,39,24,0,0.9904466867446899,긍정,부정
664348,쇼핑몰,메이크업/뷰티소품,OO 파** 리퀴드 립컬러 5ml 1개,"푸른빛 올라오고 흰기 약간 있는 톤다운 핑크 컬러라 좋아요. 발림성 좋고 손가락으로 그라데이션 하기 숴워서 사용하기 편합니다. 팁은 사용하기 편해서 좋다거나 대단하단 느낌은 없어요. 착색은 없고 컵에 잘 묻어나지만 입술에서 지속력은 괜찮습니다. 손 발색은 진한데, 입술에선 발색이 살짝 약해지네요.ㅇㅇㅇ매트라인 좋아합니다.",편의성/활용성,팁은 사용하기 편해서 좋다거나 대단하단 느낌은 없어요,-1,[속성] 편의성/활용성 [문장] 팁은 사용하기 편해서 좋다거나 대단하단 느낌은 없어요,1,편의성/활용성,unchanged,47,29,2,0.9926599860191345,중립,부정
664348,쇼핑몰,메이크업/뷰티소품,OO 파** 리퀴드 립컬러 5ml 1개,"푸른빛 올라오고 흰기 약간 있는 톤다운 핑크 컬러라 좋아요. 발림성 좋고 손가락으로 그라데이션 하기 숴워서 사용하기 편합니다. 팁은 사용하기 편해서 좋다거나 대단하단 느낌은 없어요. 착색은 없고 컵에 잘 묻어나지만 입술에서 지속력은 괜찮습니다. 손 발색은 진한데, 입술에선 발색이 살짝 약해지네요.ㅇㅇㅇ매트라인 좋아합니다.",발색력,손 발색은 진한데,1,[속성] 발색력 [문장] 손 발색은 진한데,0,발색력,unchanged,23,15,1,0.5330410003662109,부정,긍정
662475,쇼핑몰,메이크업/뷰티소품,OO 바** 워터 틴트 4.3g 1개,효과는 생각보다 그냥 그래요. 마스크쓰면 화장 안묻어난다고 하는데 코부분 지워지는건 어쩔수 없어요.,기능/효과,효과는 생각보다 그냥 그래요.,-1,[속성] 기능/효과 [문장] 효과는 생각보다 그냥 그래요.,1,기능/효과,unchanged,32,19,2,0.9953308701515198,중립,부정
662920,쇼핑몰,메이크업/뷰티소품,OO 속** 틴트 1.6g 1개,전부터 보기만 하다가 포인트를 사용해 저렴하게 네 가지 색상을 구입했습니다. 제형의 질감은 수분 틴트네요. 발색과 발림이 좋고 지속도 오래가는 편입니다. 다만 용량이 적은 점은 아쉽네요.,제형,제형의 질감은 수분 틴트네요.,0,[속성] 제형 [문장] 제형의 질감은 수분 틴트네요.,2,제형,unchanged,29,18,0,0.9678336381912231,긍정,중립
661861,쇼핑몰,메이크업/뷰티소품,OO 루** 슬림 쉬어 마뜨 2g 1개,색이 정말 예뻐요. 입술 각질이 없으면 부드럽게 잘 발리고 각질 있으면 잘 안 발려서 부각 많이 됩니다. 제형이 부드러워서 엄청 빨리 닳아서 안 좋네요. 발색은 괜찮고 지속력은 오래 안 될꺼라 생각했는데 생각 했던 것보다는 지속되는 것 같습니다. 하지만 컵 사용하면 많이 묻어나요. 색상은 넘 맘에 들어요.,발림성,입술 각질이 없으면 부드럽게 잘 발리고,1,[속성] 발림성 [문장] 입술 각질이 없으면 부드럽게 잘 발리고,0,발림성,unchanged,35,21,2,0.9552956819534302,중립,긍정
668566,쇼핑몰,메이크업/뷰티소품,OO 후** 립케어 4.8g 1개,집에서 쌩얼로 있을 때 혈색있어 보이려고 체리 주문했어요. 발색은 좀 있으나 기존에 쓰던 모이스쳐보다 건조한편이네요.,발색력,발색은 좀 있으나,1,[속성] 발색력 [문장] 발색은 좀 있으나,0,발색력,unchanged,23,15,2,0.6372262239456177,중립,긍정
669371,쇼핑몰,메이크업/뷰티소품,OO 에** 슈퍼 롱래쉬 6ml 1개,고정력이 약해서 속눈썹을 힘 있게 세워 주지 못합니다. 길게 연장시켜 주지도 않고 번짐이나 처짐도 안 쓸 때랑 차이가 없는 것 같습니다. 괜히 샀어요.,밀착력/접착력,번짐이나 처짐도 안 쓸 때랑 차이가 없는 것 같습니다.,-1,[속성] 밀착력/접착력 [문장] 번짐이나 처짐도 안 쓸 때랑 차이가 없는 것 같습니다.,1,밀착력/접착력,unchanged,48,32,0,0.9989445805549622,긍정,부정
669371,쇼핑몰,메이크업/뷰티소품,OO 에** 슈퍼 롱래쉬 6ml 1개,고정력이 약해서 속눈썹을 힘 있게 세워 주지 못합니다. 길게 연장시켜 주지도 않고 번짐이나 처짐도 안 쓸 때랑 차이가 없는 것 같습니다. 괜히 샀어요.,기능/효과,처짐도 안 쓸 때랑 차이가 없는 것 같습니다.,-1,[속성] 기능/효과 [문장] 처짐도 안 쓸 때랑 차이가 없는 것 같습니다.,1,기능/효과,unchanged,41,27,0,0.9708665013313293,긍정,부정
668537,쇼핑몰,메이크업/뷰티소품,OO 후** 립케어 4.8g 1개,발림성은 그냥 그래요. 보기에는 색이 많이 진해보이지만 실제로는 색은 별로 없는듯 합니다. 그래서 오히려 데일리용으로 입술 트지않게 바르기 좋은거 같습니다. 거의 무향이라 나쁘지 않고 스틱제형자체는 무르지 않고 단단해서 오래 사용할수 있을것 같습니다.,발림성,발림성은 그냥 그래요.,-1,[속성] 발림성 [문장] 발림성은 그냥 그래요.,1,발림성,unchanged,26,18,2,0.9957203269004822,중립,부정
668537,쇼핑몰,메이크업/뷰티소품,OO 후** 립케어 4.8g 1개,발림성은 그냥 그래요. 보기에는 색이 많이 진해보이지만 실제로는 색은 별로 없는듯 합니다. 그래서 오히려 데일리용으로 입술 트지않게 바르기 좋은거 같습니다. 거의 무향이라 나쁘지 않고 스틱제형자체는 무르지 않고 단단해서 오래 사용할수 있을것 같습니다.,향,거의 무향이라 나쁘지 않고,1,[속성] 향 [문장] 거의 무향이라 나쁘지 않고,0,향,unchanged,26,18,2,0.9356910586357117,중립,긍정
661967,쇼핑몰,메이크업/뷰티소품,OO 루** 슬림 쉬어 마뜨 2g 1개,발림성도 좋고 처음에 조금 촉촉하게 발리는 것 같다 가도 매트한것 같기도 합니다. 매장에 가서 테스트 해보시는게 좋을 듯 합니다. 또한 자연스럽게 피부 표현이 되는 것 같아서 너무 좋았습니다. 제형이 매트해 보이는 질감이지만 촉촉하면서 매트하다라고 생각하면 될듯해요.,제형,제형이 매트해 보이는 질감이지만,-1,[속성] 제형 [문장] 제형이 매트해 보이는 질감이지만,1,제형,unchanged,30,18,2,0.9861466288566589,중립,부정
661967,쇼핑몰,메이크업/뷰티소품,OO 루** 슬림 쉬어 마뜨 2g 1개,발림성도 좋고 처음에 조금 촉촉하게 발리는 것 같다 가도 매트한것 같기도 합니다. 매장에 가서 테스트 해보시는게 좋을 듯 합니다. 또한 자연스럽게 피부 표현이 되는 것 같아서 너무 좋았습니다. 제형이 매트해 보이는 질감이지만 촉촉하면서 매트하다라고 생각하면 될듯해요.,보습력/수분감,매트하다라고 생각하면 될듯해요.,1,[속성] 보습력/수분감 [문장] 매트하다라고 생각하면 될듯해요.,0,보습력/수분감/쿨링감,merged_duplicate_label,35,24,1,0.9296669363975525,부정,긍정
668501,쇼핑몰,메이크업/뷰티소품,OO 후** 립케어 4.8g 1개,예전에 써보던 거라서 다시 주문해봤는데요. 바르면 핑크빛 색상이 진한 것 같아서 데일리로 사용하기 힘들거 같아요.,발색력,바르면 핑크빛 색상이 진한 것 같아서,-1,[속성] 발색력 [문장] 바르면 핑크빛 색상이 진한 것 같아서,1,발색력,unchanged,34,21,2,0.9672943949699402,중립,부정
664033,쇼핑몰,메이크업/뷰티소품,OO 파** 리퀴드 립컬러 5ml 1개,립스틱이랑 리퀴드 같이 구매하면서 할인 없이 비싸게 샀는데 세트로 더 저렴하게 판매하고 있는 곳이 있네요. 립스틱이랑 리퀴드 같이 사실 분은 세트로 사세요. 사은품도 하나 없네요.,가격,세트로 더 저렴하게 판매하고 있는 곳이 있네요.,-1,[속성] 가격 [문장] 세트로 더 저렴하게 판매하고 있는 곳이 있네요.,1,가격,unchanged,39,25,0,0.9953100085258484,긍정,부정
668371,쇼핑몰,메이크업/뷰티소품,OO 후** 립케어 4.8g 1개,요즘 코로나 때문에 마스크를 늘 착용하고 다니니 색조 메이크업은 잘 안 하게 되는데 그래도 최소한은 발라야 할 것 같아서 맨얼굴에 이것만 바르려고 샀습니다. 그런데 건조한 입술에는 보습력이 부족한 것 같고 색깔도 너무 쨍하네요.,색상,색깔도 너무 쨍하네요.,-1,[속성] 색상 [문장] 색깔도 너무 쨍하네요.,1,색상,unchanged,25,14,0,0.999413251876831,긍정,부정
662354,쇼핑몰,메이크업/뷰티소품,OO 제** 립밤 4g 1개,유통기한이 짧아서 저렴한 가격에 구입했습니다. 평소에 쓰던 립밤보다 무르지 않아서 발림성이 별로였어요. 몇 번 사용하다 보니 끈적이지 않아 오히려 좋은 듯하네요.,발림성,무르지 않아서 발림성이 별로였어요.,1,[속성] 발림성 [문장] 무르지 않아서 발림성이 별로였어요.,0,발림성,unchanged,33,23,1,0.9995933175086975,부정,긍정
668216,쇼핑몰,메이크업/뷰티소품,OO 후** 립케어 4.8g 1개,온가족이 사용하기 좋네요. 저렴한 가격에 보습력도 나쁘지 않고 색상도 있어서 간편한 외출시에도 바르기 괜찮아요. 전 개인적으로 만족하는 제품입니다. 다 사용하고 재구매하려구요.,보습력/수분감,보습력도 나쁘지 않고,1,[속성] 보습력/수분감 [문장] 보습력도 나쁘지 않고,0,보습력/수분감/쿨링감,merged_duplicate_label,29,20,2,0.8550363779067993,중립,긍정
661903,쇼핑몰,메이크업/뷰티소품,OO 루** 슬림 쉬어 마뜨 2g 1개,한달 사용 후기 인데요. 정말 부드럽게 발립니다. 끈적임도 없고 부드럽게 잘 발려요. 마무리감은 살짝 매트하면서 입술에 착 붙습니다. 그리고 건조하지 않고 육안으로도 매끈해 보입니다.,보습력/수분감,마무리감은 살짝 매트하면서,1,[속성] 보습력/수분감 [문장] 마무리감은 살짝 매트하면서,0,보습력/수분감/쿨링감,merged_duplicate_label,32,20,2,0.9720288515090942,중립,긍정
661879,쇼핑몰,메이크업/뷰티소품,OO 루** 슬림 쉬어 마뜨 2g 1개,데일리로 사용하시라고 엄마에게 선물했습니다. 발림성도 좋고 지워져도 입술에 착색되어 오래간다 하시네요. 매트해 보이지만 매트하지 않아서 부담없이 매일 바르기 좋다하시네요. 만족해 하십니다.,보습력/수분감,매트해 보이지만 매트하지 않아서,1,[속성] 보습력/수분감 [문장] 매트해 보이지만 매트하지 않아서,0,보습력/수분감/쿨링감,merged_duplicate_label,35,23,2,0.5932063460350037,중립,긍정
663806,쇼핑몰,메이크업/뷰티소품,OO 파** 리퀴드 립컬러 5ml 1개,사은품이 안 왔네요. 화면으로만 보고 골라서 걱정했는데 다행히 색은 괜찮습니다. 쨍한 분홍색이라 풀발색은 촌스러울 수 있어요. 발림성 좋은데 지속력은 좀 아쉽습니다. 그래도 저렴히 사서 만족해요.,색상,쨍한 분홍색이라 풀발색은 촌스러울 수 있어요.,0,[속성] 색상 [문장] 쨍한 분홍색이라 풀발색은 촌스러울 수 있어요.,2,색상,unchanged,38,24,1,0.9975466132164001,부정,중립
662144,쇼핑몰,메이크업/뷰티소품,OO 제** 립밤 4g 1개,아이가 약건성 피부타입인데 2개월 사용해 보니 제품이 잘 맞아요. 향이 없고 발림성이 좋아서 아이가 쓰기에 적합합니다. 오프라인 매장보다 저렴하게 구입 할 수 있네요.,향,향이 없고,1,[속성] 향 [문장] 향이 없고,0,향,unchanged,17,13,2,0.8258736729621887,중립,긍정
668250,쇼핑몰,메이크업/뷰티소품,OO 후** 립케어 4.8g 1개,"약간 빨간색으로 발색되어 좋고, 향기는 보통 이상인 것 같네요. 향이 진한 것 같기도 하면서 조금 있으면 향이 금방 날라가는 듯 하네요. 여성용이라 생각했는데 남녀공용으로 사용해도 좋을 것 같네요. 보습력은 보통 수준이고 그냥 저냥 겨울에 쓰기 괜찮다는 생각이 듭니다.",향,향기는 보통 이상인 것 같네요.,1,[속성] 향 [문장] 향기는 보통 이상인 것 같네요.,0,향,unchanged,29,19,2,0.8022724390029907,중립,긍정
662725,쇼핑몰,메이크업/뷰티소품,OO 속** 틴트 1.6g 1개,"예전 제품보다 착색이 덜 되는 듯한 느낌입니다. 밝은 컬러여서 그런건지 발색이 더 크리미한 느낌이네요. 입술에 착 붙는 발색 때문에 이 제품만 사용하는데 이번엔 컬러를 잘못 선택했나 싶네요. 용량이 적어서 아쉽지만, 틴트 제품들 중에선 단연 최고네요.",발색력,밝은 컬러여서 그런건지 발색이 더 크리미한 느낌이네요.,0,[속성] 발색력 [문장] 밝은 컬러여서 그런건지 발색이 더 크리미한 느낌이네요.,2,발색력,unchanged,44,29,1,0.6492999196052551,부정,중립
662766,쇼핑몰,메이크업/뷰티소품,OO 속** 틴트 1.6g 1개,"색감이 생각했던 것보다 엄청 진하고, 짙은 레드 계열 발색이 불편하네요. 데일리로 사용하기 부담스러워요. 처음에 바르면 착색은 나쁘지 않은데 액상형 제형을 바르고 나면 건조한 느낌이 들어요. 식사 후에는 얼룩덜룩하게 지워져 있어 아쉬움이 남아요.",색상,처음에 바르면 착색은 나쁘지 않은데,1,[속성] 색상 [문장] 처음에 바르면 착색은 나쁘지 않은데,0,색상,unchanged,32,21,2,0.9348312020301819,중립,긍정
664591,쇼핑몰,메이크업/뷰티소품,OO 파** 리퀴드 립컬러 5ml 1개,항상 트는 입술이라 매트립은 잘 안 사는데 오랜만에 쓰고 싶어 구매했어요. 제 입술에는 역시 매트하고 각질이 일어나네요. 색상도 웜톤 피부라 잘 안 어울리는 듯합니다. 저렴하지 않은 가격이라 각질 관리 잘해서 다시 발라 봐야겠어요.,보습력/수분감,제 입술에는 역시 매트하고,-1,[속성] 보습력/수분감 [문장] 제 입술에는 역시 매트하고,1,보습력/수분감/쿨링감,merged_duplicate_label,32,20,0,0.6787171959877014,긍정,부정
666078,쇼핑몰,메이크업/뷰티소품,OO 한** 립밤 4g 1개,발색이 은은하고 발림성도 촉촉해서 맘에 듭니다. 뚜껑도 딸깍하고 닫힙니다. 이 립밤으로 정착할 듯 싶습니다.,용기,뚜껑도 딸깍하고 닫힙니다.,1,[속성] 용기 [문장] 뚜껑도 딸깍하고 닫힙니다.,0,용기,unchanged,27,18,1,0.9995450377464294,부정,긍정
668225,쇼핑몰,메이크업/뷰티소품,OO 후** 립케어 4.8g 1개,하루 종일 촉촉합니다. 지속력 좋습니다. 항상 다른 브랜드 사용했는데 ooo도 괜찮습니다. 겨울이면 항상 입술이 건조하고 갈라지는데 이거 발라서 많이 개선되었습니다. 체리향이라 기분 좋습니다. 살짝 붉은색으로 발색 되어 립스틱 바른 거 같습니다. 신랑도 입술 튼다고 하는데 무향으로 사줘야겠습니다..,발색력,살짝 붉은색으로 발색 되어 립스틱 바른 거 같습니다.,1,[속성] 발색력 [문장] 살짝 붉은색으로 발색 되어 립스틱 바른 거 같습니다.,0,발색력,unchanged,43,23,2,0.970153272151947,중립,긍정
664727,쇼핑몰,메이크업/뷰티소품,OO 벨** 립틴트 4g 1개,"친구가 바른 걸 보고 예뻐서 구매했어요. 제 입술에는 맞지 않아 그 색으로 발색되지 않네요. 확실히 립 제품은 각자의 피부톤에 따라 다르게 발색 되는 것 같아요. 발라 보고 구입하는 게 안전하네요. 생각했던 색상이 아니라서 아쉽지만, 예쁜 색상이라 나름 만족하려구요.",발색력,피부톤에 따라 다르게 발색 되는 것 같아요.,-1,[속성] 발색력 [문장] 피부톤에 따라 다르게 발색 되는 것 같아요.,1,발색력,unchanged,38,24,2,0.9977588653564453,중립,부정
667197,쇼핑몰,메이크업/뷰티소품,OO 울** 립글로우 3.4g 1개,생각보다 발색이 진하게 되네요. 촉촉하게 하나만 바르기도 좋고 덧바르기도 좋은 듯하네요.,발색력,생각보다 발색이 진하게 되네요.,0,[속성] 발색력 [문장] 생각보다 발색이 진하게 되네요.,2,발색력,unchanged,31,21,1,0.9554142951965332,부정,중립
665204,쇼핑몰,메이크업/뷰티소품,OO 벨** 립틴트 4g 1개,항상 사용하는 제품입니다. 발색이 은은하고 예쁩니다. 지속력도 오래가지만 식사후엔 지워지고 남는게 없습니다.,지속력/유지력,식사후엔 지워지고 남는게 없습니다.,-1,[속성] 지속력/유지력 [문장] 식사후엔 지워지고 남는게 없습니다.,1,지속력/유지력,unchanged,37,26,0,0.9994327425956726,긍정,부정
661859,쇼핑몰,메이크업/뷰티소품,OO 루** 슬림 쉬어 마뜨 2g 1개,디자인이 마음에 들어요. 용기가 슬림하네요. 색상도 마음에 드는데 발색이 약간 연합니다. 입술색이 좀 진한분은 발색이 잘 안 될수가 있습니다. 다른건 너무 맘에 들어요. 그리고 향이 좀 강하네요. 이 브랜드가 다 그렇긴 하지만 이것도 향이 강해서 입술에서 강한 화장품 향이 나는 것을 싫어하시는 분은 다시 고려해 보셔야 합니다.,발색력,입술색이 좀 진한분은 발색이 잘 안 될수가 있습니다,0,[속성] 발색력 [문장] 입술색이 좀 진한분은 발색이 잘 안 될수가 있습니다,2,발색력,unchanged,42,27,1,0.9960322976112366,부정,중립
662851,쇼핑몰,메이크업/뷰티소품,OO 속** 틴트 1.6g 1개,배송도 빠르고 포장도 아주 잘 해서 보내주셨어요. 리뷰 처럼 작은 사이즈 제품입니다. 저는 사이즈가 작아서 더 좋아요. 항상 다 못쓰고 버리게 돼서 작은 사이즈를 선호하게 되네요. 색상은 화면처럼 레드빛이 도는 진분홍이라 고급스럽고 예쁩니다.,사이즈/두께,다 못쓰고 버리게 돼서 작은 사이즈를 선호하게 되네요.,1,[속성] 사이즈/두께 [문장] 다 못쓰고 버리게 돼서 작은 사이즈를 선호하게 되네요.,0,사이즈/두께,unchanged,47,29,1,0.9946006536483765,부정,긍정
671281,쇼핑몰,메이크업/뷰티소품,OO 프** 아이팔레트 6g 1개,개인적으로 진한 색상을 바르면 사납게 보이는 것 같아 은은한 색상들로 이루어진 스트릿파스텔 색상으로 골랐습니다. 색상이 웜톤이나 쿨톤으로 딱 나눠지지 않는 느낌이라서 다양한 블러셔 색상과 함께 바를 수 있어 좋습니다. ㅇㅇㅇ 제품답게 밀착력이 아주 좋습니다,색상,색상이 웜톤이나 쿨톤으로 딱 나눠지지 않는 느낌이라서,0,[속성] 색상 [문장] 색상이 웜톤이나 쿨톤으로 딱 나눠지지 않는 느낌이라서,2,색상,unchanged,42,25,1,0.9927317500114441,부정,중립
670771,쇼핑몰,메이크업/뷰티소품,OO 프** 아이팔레트 6g 1개,"블링블링한 느낌의 색상이 하나나 둘 정도 들어 있었으면 좋았을텐데 없네요. 은은한 색상만 있어서 아쉽네요. 피그먼트 펄이 거의 없거나 잘아서 눈에 띄진 않습니다. 베이스 메이크업 할 때 쓰긴 좋지만, 원 팔레트로 해결할 수 없어 포인트 메이크업 할 거 따로 챙겨야해서 불편해요.",색상,피그먼트 펄이 거의 없거나 잘아서 눈에 띄진 않습니다.,0,[속성] 색상 [문장] 피그먼트 펄이 거의 없거나 잘아서 눈에 띄진 않습니다.,2,색상,unchanged,43,28,1,0.9982622265815735,부정,중립
671218,쇼핑몰,메이크업/뷰티소품,OO 프** 아이팔레트 6g 1개,팔레트가 무거워서 불편하지만 여러가지 색상이 모여 있어서 활용하기 좋습니다. 전반적으로 색상은 마음에 들지만 화사한 핑크는 아니고 톤이 다운된 느낌의 핑크색이네요.,색상,톤이 다운된 느낌의 핑크색이네요.,0,[속성] 색상 [문장] 톤이 다운된 느낌의 핑크색이네요.,2,색상,unchanged,31,21,1,0.9821693301200867,부정,중립
668164,쇼핑몰,메이크업/뷰티소품,OO 후** 립케어 4.8g 1개,OO 립밤은 믿고 씁니다. 용기 자체 색감도 이쁘고 바르면 무색이지만 약간 반짝임 있고 부드럽게 잘발리고 촉촉하고 가격대비 만족스러웠습니다.,발색력,바르면 무색이지만,0,[속성] 발색력 [문장] 바르면 무색이지만,2,발색력,unchanged,23,15,1,0.9491932988166809,부정,중립
671068,쇼핑몰,메이크업/뷰티소품,OO 프** 아이팔레트 6g 1개,가격이 저렴하고 색감도 나쁘지 않아요. 다양한 색상이 짜임새 있게 들어 있어 데일리로 활용하기 좋습니다. 발색력이 괜찮은 편이고 지속 시간도 오래가는 편이라고 생각해요.,색상,색감도 나쁘지 않아요.,1,[속성] 색상 [문장] 색감도 나쁘지 않아요.,0,색상,unchanged,25,17,2,0.8806949257850647,중립,긍정
663414,쇼핑몰,메이크업/뷰티소품,OO 맨** 케어 4.8g 1개,겨울이 되면서 핑크와 파랑으로 여러 개 주문했어요. 바르면 뭉쳐서 잘 펴 발라야 하고 번들거림은 있네요. 한철 쓰기 좋게 가격을 내리고 양도 조금 줄면 좋을 것 같아요.,가격,한철 쓰기 좋게 가격을 내리고,-1,[속성] 가격 [문장] 한철 쓰기 좋게 가격을 내리고,1,가격,unchanged,29,19,0,0.9990624785423279,긍정,부정
661941,쇼핑몰,메이크업/뷰티소품,OO 루** 슬림 쉬어 마뜨 2g 1개,색상이 투명해 보이는 느낌이 있습니다. 유니크한 컬러감의 립입니다. 근데 한 가지 단점이 입술 안쪽이 약간 발색이 안됩니다. 겉에는 잘 발리는데요 그래도 발색이 예뻐서 계속 쓸 수 밖에 없습니다.,색상,색상이 투명해 보이는 느낌이 있습니다.,1,[속성] 색상 [문장] 색상이 투명해 보이는 느낌이 있습니다.,0,색상,unchanged,34,21,2,0.7646468281745911,중립,긍정
670988,쇼핑몰,메이크업/뷰티소품,OO 프** 아이팔레트 6g 1개,웜쿨 조화롭게 쓸수 있고 무엇보다도 굉장히 제형이 고와서 잘 발려서 좋습니다. 브러쉬로 바르는 거 보단 손으로 발라야 가루날림도 적고 밀착도 잘되는거 같습니다. 보통 팔레트 사면 꼭 안쓰는 컬러들 있는데 이 팔레트는 버릴 컬러가 하나도 없습니다. 퍼스널 컬러 진단 받을때 이 팔레트 들고 갔는데 잘 샀다고 칭찬도 받았습니다. 너무 만족해요.,밀착력/접착력,손으로 발라야 가루날림도 적고,1,[속성] 밀착력/접착력 [문장] 손으로 발라야 가루날림도 적고,0,밀착력/접착력,unchanged,34,23,2,0.4584237039089203,중립,긍정
666718,쇼핑몰,메이크업/뷰티소품,OO 한** 립밤 4g 1개,잘 쓰고 있습니다. 다른 브랜드 제품도 다 써봤는데 이 제품이 제일 좋은 것 같습니다. 립밤1호는 제형이 쫀쫀하고 무색이고 무향입니다. 립밤2호는 색깔이 있는 대신 보습력이 떨어집니다.,제형,립밤1호는 제형이 쫀쫀하고,0,[속성] 제형 [문장] 립밤1호는 제형이 쫀쫀하고,2,제형,unchanged,27,19,0,0.9337273240089417,긍정,중립
666718,쇼핑몰,메이크업/뷰티소품,OO 한** 립밤 4g 1개,잘 쓰고 있습니다. 다른 브랜드 제품도 다 써봤는데 이 제품이 제일 좋은 것 같습니다. 립밤1호는 제형이 쫀쫀하고 무색이고 무향입니다. 립밤2호는 색깔이 있는 대신 보습력이 떨어집니다.,색상,립밤2호는 색깔이 있는 대신,1,[속성] 색상 [문장] 립밤2호는 색깔이 있는 대신,0,색상,unchanged,28,19,2,0.9854561686515808,중립,긍정
671270,쇼핑몰,메이크업/뷰티소품,OO 프** 아이팔레트 6g 1개,가격에 맞는 품질의 팔레트 같습니다. 색 조합은 마음에 듭니다. 지속력은 잘 모르겠습니다. 가벼워서 들고 다니기는 좋지만 딱 가격 만큼의 품질입니다.,품질,가격에 맞는 품질의 팔레트 같습니다.,0,[속성] 품질 [문장] 가격에 맞는 품질의 팔레트 같습니다.,2,품질,unchanged,33,21,0,0.994670569896698,긍정,중립
671270,쇼핑몰,메이크업/뷰티소품,OO 프** 아이팔레트 6g 1개,가격에 맞는 품질의 팔레트 같습니다. 색 조합은 마음에 듭니다. 지속력은 잘 모르겠습니다. 가벼워서 들고 다니기는 좋지만 딱 가격 만큼의 품질입니다.,품질,딱 가격 만큼의 품질입니다.,0,[속성] 품질 [문장] 딱 가격 만큼의 품질입니다.,2,품질,unchanged,28,16,1,0.9822677969932556,부정,중립
587118,쇼핑몰,스킨케어,OO 멘** 포밍워시 200ml 2개,청소년 아이들 피지분비가 왕성할때 딱인듯하네요. 자극적이지 않고 순하고 거품으로 나오니 아이들이 사용하기에 편리한것 같네요. 우리아이들의 경우 세정력이 약하게 느껴질수 있지만 꼼꼼하게 세안한다면 세정력이 약하진 않네요. 향도 강하지 않고 은은하네요. 청소년을 위한 폼클렌징 여러가지를 사용해봤지만 결국 이 제품으로 돌아오게 되네요.,기능/효과,꼼꼼하게 세안한다면 세정력이 약하진 않네요.,1,[속성] 기능/효과 [문장] 꼼꼼하게 세안한다면 세정력이 약하진 않네요.,0,기능/효과,unchanged,40,26,2,0.9608261585235596,중립,긍정
594122,쇼핑몰,스킨케어,OO 카** 더블쉴드 선스틱 22g 1개,유통기한이 25년 3월까지로 길고 용량도 22g으로 넉넉합니다. 당분간 여름 자외선 차단은 신경 안 써도 되겠어요. 샘플이 없는 게 아쉽긴 합니다.,기능/효과,여름 자외선 차단은 신경 안 써도 되겠어요.,1,[속성] 기능/효과 [문장] 여름 자외선 차단은 신경 안 써도 되겠어요.,0,기능/효과,unchanged,40,22,1,0.9984914064407349,부정,긍정
586078,쇼핑몰,스킨케어,OO 시** 퍼펙트 휩 150ml 4개,가격은 조금 나가지만 용기가 펌핑 방식과 버블폼이라 사용하기 편리합니다. 겨울인데 당기는 증상이 없습니다. 여름에는 아직 모르겠습니다. 향이 없어 좋습니다.,용기,용기가 펌핑 방식과 버블폼이라,0,[속성] 용기 [문장] 용기가 펌핑 방식과 버블폼이라,2,용기,unchanged,29,19,0,0.6164126396179199,긍정,중립
597381,쇼핑몰,스킨케어,OO 메** UV 울트라 선 50ml 1개,늘 사용하던 제품이에요. 백탁 적당히 있고 발림성 좋아요.,흡수력,백탁 적당히 있고,0,[속성] 흡수력 [문장] 백탁 적당히 있고,2,흡수력,unchanged,23,15,0,0.9968164563179016,긍정,중립
599785,쇼핑몰,스킨케어,OO 더** 스킨 선로션 200ml 1개,저자극으로 온 가족 다함께 잘 사용하고 있네요. 용량이 많아서 2년 내내 쓸 것 같은 느낌이네요. 조금 많이 바르면 두껍게 흡수되는 느낌이 있어서 얇게 발라야 더 잘 흡수되네요. 밀림도 없고 추천합니다.,흡수력,조금 많이 바르면 두껍게 흡수되는 느낌이 있어서,-1,[속성] 흡수력 [문장] 조금 많이 바르면 두껍게 흡수되는 느낌이 있어서,1,흡수력,unchanged,40,24,0,0.7792706489562988,긍정,부정
599785,쇼핑몰,스킨케어,OO 더** 스킨 선로션 200ml 1개,저자극으로 온 가족 다함께 잘 사용하고 있네요. 용량이 많아서 2년 내내 쓸 것 같은 느낌이네요. 조금 많이 바르면 두껍게 흡수되는 느낌이 있어서 얇게 발라야 더 잘 흡수되네요. 밀림도 없고 추천합니다.,흡수력,얇게 발라야 더 잘 흡수되네요.,1,[속성] 흡수력 [문장] 얇게 발라야 더 잘 흡수되네요.,0,흡수력,unchanged,31,21,1,0.7673232555389404,부정,긍정
587227,쇼핑몰,스킨케어,OO 멘** 포밍워시 200ml 2개,여드름때문에 계속 쓰고있는 아이템이에요. 사용하기 편리하지만 피부가 살짝 건조한 느낌은 있다고 아들이 그러는데 로션을 잘안발라서 그런것같기도 정확한 사용감은 사실 모르겠네요. 기타 다른 화장품 안쓰고도 잘사용하는것 보면 사용이 편리하고 사용감 나쁘지 않은거라 생각하고 계속 사용하고 있습니다.,사용감,사용감 나쁘지 않은거라 생각하고,1,[속성] 사용감 [문장] 사용감 나쁘지 않은거라 생각하고,0,사용감,unchanged,31,20,2,0.932616651058197,중립,긍정
587227,쇼핑몰,스킨케어,OO 멘** 포밍워시 200ml 2개,여드름때문에 계속 쓰고있는 아이템이에요. 사용하기 편리하지만 피부가 살짝 건조한 느낌은 있다고 아들이 그러는데 로션을 잘안발라서 그런것같기도 정확한 사용감은 사실 모르겠네요. 기타 다른 화장품 안쓰고도 잘사용하는것 보면 사용이 편리하고 사용감 나쁘지 않은거라 생각하고 계속 사용하고 있습니다.,사용감,정확한 사용감은 사실 모르겠네요.,-1,[속성] 사용감 [문장] 정확한 사용감은 사실 모르겠네요.,1,사용감,unchanged,32,21,2,0.9746549725532532,중립,부정
587285,쇼핑몰,스킨케어,OO 멘** 포밍워시 200ml 2개,여드름이 심한 아이 사용하라고 구매했네요. 용기를 펌핑하면 거품이 나오고 풍부한 거품 제형이 부드러워요. 자극은 없지만 유분기가 사라져 뽀드득느낌이 나서 개운하다고 합니다. 효과가 좋아 여드름 심한 아이들 사용하기 좋네요. 2개에 이 가격이라 가격도 좋습니다.,용기,용기를 펌핑하면 거품이 나오고,0,[속성] 용기 [문장] 용기를 펌핑하면 거품이 나오고,2,용기,unchanged,29,18,0,0.9963858127593994,긍정,중립
582760,쇼핑몰,스킨케어,OO 마** 퓨어 클렌징오일 200ml 1개,기대한 것보다 효과가 별로네요. 리뷰가 참 좋은데 유튜버 광고덕분인가 저는 ㅇㅇㅇ ㅇㅇ 오일이 더 순하고 세정력도 좋다고 느껴집니다. 어차피 이거는 하고 폼클도 필수로 해야지 안하면 희게 화장이 안지워진게 보여요. 제가 잘 못 사용하는 것도 조금 있을수 있지만 세정력도 별로고 마음에 안들어요.,기능/효과,이거는 하고 폼클도 필수로 해야지 안하면 희게 화장이 안지워진게 보여요.,-1,[속성] 기능/효과 [문장] 이거는 하고 폼클도 필수로 해야지 안하면 희게 화장이 안지워진게 보여요.,1,기능/효과,unchanged,56,32,0,0.6895437836647034,긍정,부정
599047,쇼핑몰,스킨케어,OO 멀티 선크림 70ml 1개,저렴해서 막 바를려고 샀는데 저한테는 OOO썬크림이 더 맞는 듯 해요. 로션 정도의 묽은 제형이고 금방 흡수가 되는 건지 바른 티가 안 나네요. 자외선 차단은 잘 될지 걱정이 됩니다. 효과는 좀 더 발라봐야 괜찮은지 알 수 있을 것 같습니다.,제형,로션 정도의 묽은 제형이고,-1,[속성] 제형 [문장] 로션 정도의 묽은 제형이고,1,제형,unchanged,27,16,2,0.9924236536026001,중립,부정
599047,쇼핑몰,스킨케어,OO 멀티 선크림 70ml 1개,저렴해서 막 바를려고 샀는데 저한테는 OOO썬크림이 더 맞는 듯 해요. 로션 정도의 묽은 제형이고 금방 흡수가 되는 건지 바른 티가 안 나네요. 자외선 차단은 잘 될지 걱정이 됩니다. 효과는 좀 더 발라봐야 괜찮은지 알 수 있을 것 같습니다.,기능/효과,자외선 차단은 잘 될지 걱정이 됩니다.,-1,[속성] 기능/효과 [문장] 자외선 차단은 잘 될지 걱정이 됩니다.,1,기능/효과,unchanged,37,20,2,0.9929322004318237,중립,부정
596671,쇼핑몰,스킨케어,OO 브라이트닝 업 선 플러스 50ml 1개,매번 쓰던 제품이네요. 제가 선크림 바르면 머리 카락이나 끈적거리는걸 엄청 싫어하는데 이 제품은 끈적임이 없어서 좋네요. 그래서 계속 이 제품 사용합니다. 바르는 순간 흡수력이 좋은지 바르지 않은 것 같지 않아요.,흡수력,바르는 순간 흡수력이 좋은지 바르지 않은 것 같지 않아요.,1,[속성] 흡수력 [문장] 바르는 순간 흡수력이 좋은지 바르지 않은 것 같지 않아요.,0,흡수력,unchanged,46,30,1,0.9882381558418274,부정,긍정
596453,쇼핑몰,스킨케어,OO 브라이트닝 업 선 플러스 50ml 1개,계속 이 제품만 사용하고 있어요. 다른 제품에 비해 백탁현상이 심하지 않아요. 향은 별로지만 기름기도 제거해주니 산뜻하고 오랜 시간이 지나도 번들거림이 덜합니다. 파운데이션 대신 바르기도 합니다. 한번 쓰고 계속 쓰는 제품이예요.,흡수력,백탁현상이 심하지 않아요.,1,[속성] 흡수력 [문장] 백탁현상이 심하지 않아요.,0,흡수력,unchanged,28,21,2,0.6784154772758484,중립,긍정
595908,쇼핑몰,스킨케어,OO 브라이트닝 업 선 플러스 50ml 1개,지성타입이 쓰기 적당하다고 해서 사봤는데 지성피부인 저는 건조한 느낌이 있어요. 심한 건조는 아니라 지성타입이 사용할만한 것 같아요. 톤업효과는 살짝 있네요.,보습력/수분감,심한 건조는 아니라,0,[속성] 보습력/수분감 [문장] 심한 건조는 아니라,2,보습력/수분감,unchanged,28,18,0,0.8834132552146912,긍정,중립
600084,쇼핑몰,스킨케어,OO 자** 선크림 50ml 1개,수분감 있으면서 유분기가 흐르지 않고 좋아요. 건조하지도 않고 기름지지도 않는 딱 중간이에요. 배송이 좀 오래 걸렸어요. 용량이 좀 더 많았으면 좋았을텐데 아쉬워요.,흡수력,기름지지도 않는 딱 중간이에요.,1,[속성] 흡수력 [문장] 기름지지도 않는 딱 중간이에요.,0,흡수력,unchanged,31,21,2,0.9406266212463379,중립,긍정
600658,쇼핑몰,스킨케어,OO 선** 선크림 55ml 1개,끈적이지 않고 제형이 로션같아서 매일 바르기 좋네요. 가격도 저렴해서 막 써요. 남자들 유분기 있으면 바르기 싫어하는데 이건 유분기가 덜해서 잘 바르고 다닙니다. 가볍고 좋네요. 다 쓰고 또 재구매하려구요.,제형,제형이 로션같아서,1,[속성] 제형 [문장] 제형이 로션같아서,0,제형,unchanged,22,15,2,0.985885739326477,중립,긍정
583184,쇼핑몰,스킨케어,OO 마** 퓨어 클렌징오일 200ml 1개,생각보다 보드랍게 문질러지 않네요. 사용감이 완전 미끄덩은 아니고 살짝 빡빡해요. 제형이 빡빡해서 그런지 아주 살짝 빡빡하게 지워집니다. 눈은 안아픈데 냄새는 별로네요.,사용감,사용감이 완전 미끄덩은 아니고 살짝 빡빡해요.,-1,[속성] 사용감 [문장] 사용감이 완전 미끄덩은 아니고 살짝 빡빡해요.,1,사용감,unchanged,39,24,2,0.6951552629470825,중립,부정
591889,쇼핑몰,스킨케어,OO 클렌징 폼 150ml 1개,샘플 써보구 잘 닦여서 주문했는데 건성이신분들은 당김 조금 있습니다. 촉촉하기보다는 뽀드득 닦이는 폼클입니다. 전 악건성인데 촉촉보다는 이런스타일을 좋아합니다.,기능/효과,촉촉하기보다는 뽀드득 닦이는 폼클입니다,0,[속성] 기능/효과 [문장] 촉촉하기보다는 뽀드득 닦이는 폼클입니다,2,기능/효과,unchanged,37,24,1,0.9763952493667603,부정,중립
598336,쇼핑몰,스킨케어,OO 카** 선스틱 22g 1개,아이가 발라보더니 촉촉하고 느낌은 뽀송하답니다. 저는 뽀송한지는 잘 모르겠구요. 향이 약간 아쉬워요.,흡수력,뽀송한지는 잘 모르겠구요.,-1,[속성] 흡수력 [문장] 뽀송한지는 잘 모르겠구요.,1,흡수력,unchanged,28,20,2,0.8574910163879395,중립,부정
584967,쇼핑몰,스킨케어,OO 클** 클렌징젤 400ml 1개,"약산성이라 피부에 자극적이지도 않고 복합성, 여드름성 피부에 효과적입니다. 트러블피부용 세안제를 쓰다 보면 피부가 당기는 경우도 있는데 이 제품은 사용 후 피부 당김 전혀 없이 깨끗하게 오염만 제거하고 유분기는 그대로인 느낌이에요. 향이 너무 강해서 거부감 들 수도 있지만 향은 씻어내면 그만이니까요.",보습력/수분감,유분기는 그대로인 느낌이에요.,1,[속성] 보습력/수분감 [문장] 유분기는 그대로인 느낌이에요.,0,보습력/수분감,unchanged,34,23,2,0.9980428218841553,중립,긍정
599510,쇼핑몰,스킨케어,OO 더** 스킨 선로션 200ml 1개,번들거림이 없었으면 좋겠어요. 흡수가 빠르게 되어요. 자외선 차단이 잘되네요. 피부 톤이 밝아 보였으면 좋겠습니다.,흡수력,번들거림이 없었으면 좋겠어요.,-1,[속성] 흡수력 [문장] 번들거림이 없었으면 좋겠어요.,1,흡수력,unchanged,30,20,2,0.9990052580833435,중립,부정
599510,쇼핑몰,스킨케어,OO 더** 스킨 선로션 200ml 1개,번들거림이 없었으면 좋겠어요. 흡수가 빠르게 되어요. 자외선 차단이 잘되네요. 피부 톤이 밝아 보였으면 좋겠습니다.,윤기/피부(톤),피부 톤이 밝아 보였으면 좋겠습니다.,-1,[속성] 윤기/피부(톤) [문장] 피부 톤이 밝아 보였으면 좋겠습니다.,1,윤기/피부(톤),unchanged,39,26,2,0.9899091720581055,중립,부정
587381,쇼핑몰,스킨케어,OO 멘** 포밍워시 200ml 2개,여드름 있는 딸을 위해 마련했습니다. 자극적이지 않아서 사춘기 아이들 쓰기에 좋은 클린징이에요. 저도 사용해 봤는데 클린징 향이 거의 없어서 부담없고 거품이 밀도가 높진 않지만 개운하게 씻기는 느낌이 들었습니다.,제형,거품이 밀도가 높진 않지만,0,[속성] 제형 [문장] 거품이 밀도가 높진 않지만,2,제형,unchanged,27,17,1,0.9884441494941711,부정,중립
582649,쇼핑몰,스킨케어,OO 마** 퓨어 클렌징오일 200ml 1개,처음 써봤는데 좋아요. 다른 제품들에 비해 오일의 점성이 묽지는 않아서 조금은 뻑뻑한 느낌이 일수는 있지만 크게 불편함은 없어요. 다양한 클렌징 오일을 써봤지만 이걸로 쭉 쓸 듯합니다. 가격이 좀 있어서 할인 할 때 쟁이려구요.,제형,오일의 점성이 묽지는 않아서 조금은 뻑뻑한 느낌이 일수는 있지만,1,[속성] 제형 [문장] 오일의 점성이 묽지는 않아서 조금은 뻑뻑한 느낌이 일수는 있지만,0,제형,unchanged,48,28,1,0.9811204075813293,부정,긍정
594633,쇼핑몰,스킨케어,OO 카** 더블쉴드 선스틱 22g 1개,유분기가 하나도 없어서 발라진건지 안 발라진건지 모르겠습니다. 예전 제품이 촉촉하고 좋았는데 이 제품은 촉촉함이 없네요. 건성 피부에 사용하기 건조합니다. 그리고 양도 적습니다. 재구매 의사 없습니다.,보습력/수분감,유분기가 하나도 없어서,-1,[속성] 보습력/수분감 [문장] 유분기가 하나도 없어서,1,보습력/수분감,unchanged,30,21,0,0.9501246809959412,긍정,부정
582774,쇼핑몰,스킨케어,OO 마** 퓨어 클렌징오일 200ml 1개,클렌징 깨끗하게 잘 되고 향도 좋습니다. 지복합성인데 아직까진 트러블도 안 생기네요. 코 피지 제거 효과도 기대합니다. 꾸준히 사용해봐야겠지만 효과는 아직은 모르겠어요.,기능/효과,꾸준히 사용해봐야겠지만 효과는 아직은 모르겠어요.,-1,[속성] 기능/효과 [문장] 꾸준히 사용해봐야겠지만 효과는 아직은 모르겠어요.,1,기능/효과,unchanged,43,25,2,0.9991424083709717,중립,부정
596998,쇼핑몰,스킨케어,OO 센** 선스틱 22g 1개,발림성은 좋습니다. 많이 쿨한 느낌은 아닙니다. 만약 얼굴에 화한 느낌이 많았다면 그거대로 피부에 자극적일까 불안했을 것 같습니다.,보습력/수분감,많이 쿨한 느낌은 아닙니다.,0,[속성] 보습력/수분감 [문장] 많이 쿨한 느낌은 아닙니다.,2,보습력/수분감,unchanged,33,20,1,0.9714004397392273,부정,중립
596998,쇼핑몰,스킨케어,OO 센** 선스틱 22g 1개,발림성은 좋습니다. 많이 쿨한 느낌은 아닙니다. 만약 얼굴에 화한 느낌이 많았다면 그거대로 피부에 자극적일까 불안했을 것 같습니다.,자극성,얼굴에 화한 느낌이 많았다면 그거대로 피부에 자극적일까 불안했을 것 같습니다.,0,[속성] 자극성 [문장] 얼굴에 화한 느낌이 많았다면 그거대로 피부에 자극적일까 불안했을 것 같습니다.,2,자극성,unchanged,57,35,1,0.9913263916969299,부정,중립
599302,쇼핑몰,스킨케어,OO 멀티 선크림 70ml 1개,저렴하게 구입해서 좋아요. 발림성도 나쁘지 않고 발랐을 때 자극이 없는 거 같네요.,발림성,발림성도 나쁘지 않고,1,[속성] 발림성 [문장] 발림성도 나쁘지 않고,0,발림성,unchanged,25,19,2,0.852748692035675,중립,긍정
585461,쇼핑몰,스킨케어,OO 클** 클렌징젤 400ml 1개,지성이라 약산성 세안제를 써보니 좋네요. 다른 제품 쓰다가 피부에 뭐가 자꾸 나서 바꿨는데 이거 쓰니까 트러블이 이제 안 올라오네요. 거품도 좀 덜 나고 뽀드득하게 씻기진 않아서 세정력은 약한 느낌이지만 만족합니다.,성분,약산성,1,[속성] 성분 [문장] 약산성,0,성분,unchanged,16,11,2,0.9870172142982483,중립,긍정
600730,쇼핑몰,스킨케어,OO 선** 선크림 55ml 1개,너무 수분감이 많고 제형이 묽고 발랐을 때 바로 증발돼 버려서 당기는느낌이에요. 크림처럼 유분감 있는 재품이랑 섞어서 발라야 할 듯 합니다.,제형,제형이 묽고,-1,[속성] 제형 [문장] 제형이 묽고,1,제형,unchanged,19,12,2,0.9517650604248047,중립,부정
593616,쇼핑몰,스킨케어,OO 그** 선 플러스 50ml 1개,"일년내내 빠지면 안되는 썬크림이예요 그래서 여기저기 다양한 제품도 써보고 몇년간 한제품만 쓰기도 하네요 사용감이 마일드 하긴 한데, 아주 약간의 백탁이 있네요 근데 이게 또 얼굴을 좀 톤업된 느낌으로 보이게 해요 눈이 시리지 않고 순한 제품이라 다시 써도 너무 좋아요",사용감,사용감이 마일드 하긴 한데,1,[속성] 사용감 [문장] 사용감이 마일드 하긴 한데,0,사용감,unchanged,28,17,2,0.996978759765625,중립,긍정
587314,쇼핑몰,스킨케어,OO 멘** 포밍워시 200ml 2개,여드름 난 아들 위해서 샀는데 좋다고 하네요. 거품 타입이라 대충대충 세안하는 아이에게 좋을 거 같네요. 써보니 뽀득뽀득하지 않고 적당히 수분 감 있게 세안 되는거 같네요.,기능/효과,뽀득뽀득하지 않고,0,[속성] 기능/효과 [문장] 뽀득뽀득하지 않고,2,기능/효과,unchanged,25,19,1,0.9925978183746338,부정,중립
596451,쇼핑몰,스킨케어,OO 브라이트닝 업 선 플러스 50ml 1개,커버는 안되요. 선크림이니까 신경 안쓰는데요. 톤업을 원해서 이거 샀는데 다시 사고 싶어요. 친구가 이거 써서 한번 써봤는데 좋네요. 다른 곳에서 사면 거의 이만원대인데 저는 만원 조금 넘게 주고 샀어요. ㅇㅇㅇ라서 그런지 조금 단가가 높았어요. 바르고 나면 뽀송뽀송해서 좋아요. 지속력은 세시간쯤 지나면 조금 지워져 있네요.,가격,다른 곳에서 사면 거의 이만원대인데 저는 만원 조금 넘게 주고 샀어요.,1,[속성] 가격 [문장] 다른 곳에서 사면 거의 이만원대인데 저는 만원 조금 넘게 주고 샀어요.,0,가격,unchanged,52,30,1,0.9618370532989502,부정,긍정
596451,쇼핑몰,스킨케어,OO 브라이트닝 업 선 플러스 50ml 1개,커버는 안되요. 선크림이니까 신경 안쓰는데요. 톤업을 원해서 이거 샀는데 다시 사고 싶어요. 친구가 이거 써서 한번 써봤는데 좋네요. 다른 곳에서 사면 거의 이만원대인데 저는 만원 조금 넘게 주고 샀어요. ㅇㅇㅇ라서 그런지 조금 단가가 높았어요. 바르고 나면 뽀송뽀송해서 좋아요. 지속력은 세시간쯤 지나면 조금 지워져 있네요.,지속력/유지력,지속력은 세시간쯤 지나면 조금 지워져 있네요.,0,[속성] 지속력/유지력 [문장] 지속력은 세시간쯤 지나면 조금 지워져 있네요.,2,지속력,merged_duplicate_label,43,28,1,0.9976513981819153,부정,중립
582714,쇼핑몰,스킨케어,OO 마** 퓨어 클렌징오일 200ml 1개,첨 접하구나서 촉촉하고 순해서 몇통째 계속 쓰고 있습니다. 근데 펄까지 지워내는 세정력은 아니고 무난한 데일리화장 지우기는 세정력이 괜찮아요. 아이리무버 로 지우고 오일 닦아내고 클렌징폼을 마지막으로 삼단계로 지워요.,기능/효과,펄까지 지워내는 세정력은 아니고,-1,[속성] 기능/효과 [문장] 펄까지 지워내는 세정력은 아니고,1,기능/효과,unchanged,33,22,2,0.8714934587478638,중립,부정
585073,쇼핑몰,스킨케어,OO 클** 클렌징젤 400ml 1개,향이 조금 강하고 특이한편이네요. 세면시에는 젤 제형 타입이라 촉촉한듯 한데 타올로 닦고나면 바로 건조해지네요. 세정력은 좋아요. 민감성 피부라 처음 사용후 살짝 피부가 따갑게 느껴졌는데 괜찮네요. 가격은 비싸네요.,향,향이 조금 강하고 특이한편이네요.,-1,[속성] 향 [문장] 향이 조금 강하고 특이한편이네요.,1,향,unchanged,30,21,2,0.9014686346054077,중립,부정
585073,쇼핑몰,스킨케어,OO 클** 클렌징젤 400ml 1개,향이 조금 강하고 특이한편이네요. 세면시에는 젤 제형 타입이라 촉촉한듯 한데 타올로 닦고나면 바로 건조해지네요. 세정력은 좋아요. 민감성 피부라 처음 사용후 살짝 피부가 따갑게 느껴졌는데 괜찮네요. 가격은 비싸네요.,피부타입,민감성 피부라 처음 사용후 살짝 피부가 따갑게 느껴졌는데 괜찮네요.,0,[속성] 피부타입 [문장] 민감성 피부라 처음 사용후 살짝 피부가 따갑게 느껴졌는데 괜찮네요.,2,피부타입,unchanged,52,30,0,0.9920338988304138,긍정,중립
585073,쇼핑몰,스킨케어,OO 클** 클렌징젤 400ml 1개,향이 조금 강하고 특이한편이네요. 세면시에는 젤 제형 타입이라 촉촉한듯 한데 타올로 닦고나면 바로 건조해지네요. 세정력은 좋아요. 민감성 피부라 처음 사용후 살짝 피부가 따갑게 느껴졌는데 괜찮네요. 가격은 비싸네요.,자극성,살짝 피부가 따갑게 느껴졌는데 괜찮네요.,0,[속성] 자극성 [문장] 살짝 피부가 따갑게 느껴졌는데 괜찮네요.,2,자극성,unchanged,36,22,0,0.9269599318504333,긍정,중립
587105,쇼핑몰,스킨케어,OO 멘** 포밍워시 200ml 2개,여드름 때문에 샀는데 좋아요. 잘 쓰고 있어요. 세정력도 좋은 편이고 향도 좋네요. 가격도 착합니다. 여드름은 아직 사라지진 않았지만 점점 좋아질 것 같은 기대감이 들어요.,기능/효과,여드름은 아직 사라지진 않았지만,-1,[속성] 기능/효과 [문장] 여드름은 아직 사라지진 않았지만,1,기능/효과,unchanged,33,19,2,0.8264859318733215,중립,부정
593229,쇼핑몰,스킨케어,OO 그** 선 플러스 50ml 1개,유해성분이 없는 썬크림으로 추천되는 상품이라 구매했습니다. 트러블이 없고 좋습니다. 다만 얼굴외 팔다리에도 바르는 것을 생각하면 양은 좀 작은 편이라 자주 바르는 분이라면 큰 용량을 추천합니다.,용량/개수,자주 바르는 분이라면 큰 용량을 추천합니다.,0,[속성] 용량/개수 [문장] 자주 바르는 분이라면 큰 용량을 추천합니다.,2,용량,merged_duplicate_label,40,23,1,0.9135465025901794,부정,중립
582905,쇼핑몰,스킨케어,OO 마** 퓨어 클렌징오일 200ml 1개,"제 피부에는 얼마나 효과가 있을지 궁금해서 사용해보기로 해서 한통을 거의 다 써가는 지금, 완전히 깨끗해지지는 않았지만 콧등에 있던 블랙헤드가 감소했어요. 앞으로 꾸준히 쓰다보면 효과가 있어 더이상 나빠지진 않을 것 같습니다. 깨끗한 피부가 되는 데에 도움이 될 것 같네요.",기능/효과,꾸준히 쓰다보면 효과가 있어 더이상 나빠지진 않을 것 같습니다.,1,[속성] 기능/효과 [문장] 꾸준히 쓰다보면 효과가 있어 더이상 나빠지진 않을 것 같습니다.,0,기능/효과,unchanged,51,31,2,0.9951457381248474,중립,긍정
596567,쇼핑몰,스킨케어,OO 브라이트닝 업 선 플러스 50ml 1개,ㅇㅇㅇ선크림하고 같이 구입했는데 제 피부에는 이 제품이 잘 맞아요. 건성이라 보송한 느낌보다는 촉촉하고 유분기가 좀 있습니다. 색상이 있는 제품은 처음 써보는데 피부 보정도 되서 좋습니다.,피부타입,건성이라 보송한 느낌보다는 촉촉하고 유분기가 좀 있습니다,1,[속성] 피부타입 [문장] 건성이라 보송한 느낌보다는 촉촉하고 유분기가 좀 있습니다,0,피부타입,unchanged,46,29,2,0.9483712315559387,중립,긍정
593443,쇼핑몰,스킨케어,OO 그** 선 플러스 50ml 1개,"유명해서 사봤는데 트러블 안나고 백탁현상도 없고, 향도 거의 없어서 무난합니다. 아직은 건조한 시즌이라 괜찮은데, 여름엔 유분기가 많아 어떨지 모르겠네요. 가벼운 제형이라 아쉬워요.",향,향도 거의 없어서 무난합니다.,0,[속성] 향 [문장] 향도 거의 없어서 무난합니다.,2,향,unchanged,28,18,0,0.9941917061805725,긍정,중립
587336,쇼핑몰,스킨케어,OO 멘** 포밍워시 200ml 2개,매번 사용하는 제품이에요. 피부에 여드름이 나서 쓰고있는데 여드름에 효과가 있는지는 잘 모르겠어요. 자극적이지 않아서 좋습니다.,기능/효과,여드름에 효과가 있는지는 잘 모르겠어요.,-1,[속성] 기능/효과 [문장] 여드름에 효과가 있는지는 잘 모르겠어요.,1,기능/효과,unchanged,38,23,2,0.9896277189254761,중립,부정
587267,쇼핑몰,스킨케어,OO 멘** 포밍워시 200ml 2개,자극없이 사용할 수 있습니다. 자극은 없는데 피부가 좋아지는 건 잘 모르겠습니다. 두통 다 써보면 다를 수도 있지만 저에게는 안맞는 것 같습니다.,기능/효과,피부가 좋아지는 건 잘 모르겠습니다.,-1,[속성] 기능/효과 [문장] 피부가 좋아지는 건 잘 모르겠습니다.,1,기능/효과,unchanged,36,23,2,0.9777807593345642,중립,부정
600788,쇼핑몰,스킨케어,OO 선** 선크림 55ml 1개,지인이 좋다고 해서 주문했습니다. 가격대비 그냥 무난해요. 백탁현상이 조금 있습니다. 비싸더라도 품질이 더 좋은 거 다시 사야 될 것 같아요. 몸에도 바르기는 좋습니다.,품질,품질이 더 좋은 거 다시 사야 될 것 같아요,-1,[속성] 품질 [문장] 품질이 더 좋은 거 다시 사야 될 것 같아요,1,품질,unchanged,37,23,0,0.9215302467346191,긍정,부정
600788,쇼핑몰,스킨케어,OO 선** 선크림 55ml 1개,지인이 좋다고 해서 주문했습니다. 가격대비 그냥 무난해요. 백탁현상이 조금 있습니다. 비싸더라도 품질이 더 좋은 거 다시 사야 될 것 같아요. 몸에도 바르기는 좋습니다.,편의성/활용성,몸에도 바르기는 좋습니다.,0,[속성] 편의성/활용성 [문장] 몸에도 바르기는 좋습니다.,2,편의성/활용성,unchanged,32,22,0,0.9997182488441467,긍정,중립
598420,쇼핑몰,스킨케어,OO 카** 선스틱 22g 1개,남편이 자전거 운동할때 편하게 쓸거 찾다가 샀습니다. 휴대하여 바르기도 편하고 바른 느낌도 매트합니다. 효과 있기를 기대하며 계속 쓸것 같아요.,보습력/수분감,바른 느낌도 매트합니다.,1,[속성] 보습력/수분감 [문장] 바른 느낌도 매트합니다.,0,보습력/수분감,unchanged,31,19,1,0.969710111618042,부정,긍정
597905,쇼핑몰,스킨케어,OO 카** 선스틱 22g 1개,가격 착하고 빠른 배송 좋습니다. 다만 용량을 조금 더 늘려줬으면 좋겠습니다. 효과 성능은 가성비 최고 입니다. 유통기한이 짧아도 금세 사용하니 걱정 안 하셔도 됩니다,유통기한,유통기한이 짧아도,1,[속성] 유통기한 [문장] 유통기한이 짧아도,0,유통기한,unchanged,24,18,1,0.9996102452278137,부정,긍정
596188,쇼핑몰,스킨케어,OO 브라이트닝 업 선 플러스 50ml 1개,상품 품질이 좋아요. 배송도 빠르고 사은품도 주셨네요. 수분감이 좋고 자연스럽게 발립니다. 자극적이지 않아서 좋아요.,제품구성,사은품도 주셨네요.,0,[속성] 제품구성 [문장] 사은품도 주셨네요.,2,제품구성,unchanged,25,18,0,0.9511935114860535,긍정,중립
596709,쇼핑몰,스킨케어,OO 브라이트닝 업 선 플러스 50ml 1개,스킨케어 마무리를 보송하게 할수있어서 좋습니다. 기름이 잘 올라오는 편인데 기름기 잘 올라오는 부분은 잘 묻어나는 거 같아요. 그래도 이만큼 효과가 좋고 편한 썬크림 없습니다.,기능/효과,효과가 좋고 편한 썬크림 없습니다.,1,[속성] 기능/효과 [문장] 효과가 좋고 편한 썬크림 없습니다.,0,기능/효과,unchanged,35,22,1,0.8698220252990723,부정,긍정
600686,쇼핑몰,스킨케어,OO 선** 선크림 55ml 1개,향이 나쁘지 않고 발림성이 좋아요 효과는 좀 더 사용을 해봐야지 알겠지만 후기가 좋으면 이걸로 바꾸려고 해요,향,향이 나쁘지 않고,1,[속성] 향 [문장] 향이 나쁘지 않고,0,향,unchanged,21,15,2,0.8708035349845886,중립,긍정
600635,쇼핑몰,스킨케어,OO 선** 선크림 55ml 1개,선크림 저렴하게 구입해서 좋아요. 배송 빠릅니다. 포장 잘해서 보내셨고 사은품으로 마스크팩도 보내주셔서 감사합니다. 선크림은 제형이 묽은 편이라 잘 흔들어서 바르니 흡수도 빠르네요. 목이랑 팔에 열심히 바르려고 합니다.,제형,선크림은 제형이 묽은 편이라,1,[속성] 제형 [문장] 선크림은 제형이 묽은 편이라,0,제형,unchanged,28,17,2,0.9930809140205383,중립,긍정
599504,쇼핑몰,스킨케어,OO 멀티 선크림 70ml 1개,"가격대비 성능은 좋은 편이에요. 유통기한도 넉넉한 편이에요. 하지만 제품에 유분기가 적고 수분이 평균 이상으로 들어있어서, 건성인 피부에는 잘 맞지 않습니다. 향기도 오래 지속되지 않아요. 제품 품질 면에서 만족스럽지 않습니다. 저렴한 가격과 실용적인 측면에서 좋아요. .",보습력/수분감,"수분이 평균 이상으로 들어있어서,",-1,"[속성] 보습력/수분감 [문장] 수분이 평균 이상으로 들어있어서,",1,보습력/수분감,unchanged,36,23,0,0.9996993541717529,긍정,부정
593085,쇼핑몰,스킨케어,OO 그** 선 플러스 50ml 1개,이 제품만 사용하는데 백탁 현상 없고 눈이 맵지가 않아서 좋습니다. 단점은 외출 1시간 전부터 발라야 효과가 있다고 해서 효과가 있는지 모르겠습니다.,기능/효과,효과가 있는지 모르겠습니다.,-1,[속성] 기능/효과 [문장] 효과가 있는지 모르겠습니다.,1,기능/효과,unchanged,31,20,2,0.9893799424171448,중립,부정
593273,쇼핑몰,스킨케어,OO 그** 선 플러스 50ml 1개,"우선 바르고 나면, 뿌옇게 건조해서 튼것처럼 보이는데요. 얼굴에 듬뿍바르고 나가면, 그날은 두통이 엄청 심해요. 성분이 의심스럽긴 합니다. 이것만 다 쓰고 나면 재구입은 절대 안해요. 배송은 좋았어요.",흡수력,뿌옇게,0,[속성] 흡수력 [문장] 뿌옇게,2,흡수력,unchanged,17,11,0,0.9468441009521484,긍정,중립
591786,쇼핑몰,스킨케어,OO 클렌징 폼 150ml 1개,제형은 쫀쫀하며 작은 알갱이가 있는데 세안하면 자극적이지 않아 신기했습니다. 민감해서 자극적인 스크럽 제품은 못쓰는데 이 제품은 자극적이지 않아서 좋았습니다 . 따로 각질 관리 안해도 각질이 사라졌습니다. 청량한 향이 시원하면서 개운합니다. OOO 제품은 좋은 재료로 만들어서 믿고 쓰는 제품이라 좋아요. 하지만 이 제품은 개봉하면 유통기한은 6개월이라 짧게 느껴지네요. 여름에 사용하기 좋은 제품이라 추천합니다.,제형,제형은 쫀쫀하며 작은 알갱이가 있는데,1,[속성] 제형 [문장] 제형은 쫀쫀하며 작은 알갱이가 있는데,0,제형,unchanged,33,21,2,0.6798622012138367,중립,긍정
593833,쇼핑몰,스킨케어,OO 그** 선 플러스 50ml 1개,무향이고 무기자차 성분이라서 항상 쓰는 제품입니다. 발림도 좋고 성분도 순해서 가족들과 항상 같이 쓰고 있어요. 양은 적지만 가격이 착해서 좋습니다.,향,무향이고,1,[속성] 향 [문장] 무향이고,0,향,unchanged,16,13,2,0.9890131950378418,중립,긍정
587164,쇼핑몰,스킨케어,OO 멘** 포밍워시 200ml 2개,다 좋은데 거품제형이라 한통에 양이 적은게 오래 못 쓴다는 의미는 비싸다는 말이네요. 가격이 아쉽지만 품질은 좋습니다. 여러번 재구매했는데 이젠 세일할때 기다렸다가 구매하려고요.,제형,거품제형이라,0,[속성] 제형 [문장] 거품제형이라,2,제형,unchanged,19,14,0,0.9393008947372437,긍정,중립
598338,쇼핑몰,스킨케어,OO 카** 선스틱 22g 1개,예전에 쓰던 타사 제품과 비교해보면 덜 번들거립니다. 전혀 번들거림 없는건 아니지만 번들거림이 빨리 사라지는 느낌이 듭니다. 향은 예전에 쓰던거랑 비슷합니다. 지속력은 예전에 쓰던게 오래가는 것 같습니다. 끈적임은 적어서 좋습니다. 자외선 차단 효과는 비슷한 것 같습니다. 지속력은 예전 제품과 차이를 못 느끼겠습니다. 번들거리고 끈적이는걸 싫어하다보니 이 제품이 잘 맞는 것 같습니다.,흡수력,덜 번들거립니다.,0,[속성] 흡수력 [문장] 덜 번들거립니다.,2,흡수력,unchanged,23,15,0,0.9959555864334106,긍정,중립
594266,쇼핑몰,스킨케어,OO 카** 더블쉴드 선스틱 22g 1개,선물했는데 반응이 좋아서 기분 좋네요. 발림성도 좋고 많이 번들거리진 않습니다.,흡수력,많이 번들거리진 않습니다.,0,[속성] 흡수력 [문장] 많이 번들거리진 않습니다.,2,흡수력,unchanged,28,18,0,0.8878875374794006,긍정,중립
588364,쇼핑몰,스킨케어,OO 시** 오일 280ml 1개,쓰던 OOO로 주문했습니다. 집에서 쓰던거 보다 작다 했더니 230ml로 왔네요. 적당한 가격으로 산거 같습니다. 종일 화장 하고 지우는데 자극 없고 이거 하나로도 잘 지워져서 좋습니다.,용량/개수,집에서 쓰던거 보다 작다 했더니 230ml로 왔네요.,-1,[속성] 용량/개수 [문장] 집에서 쓰던거 보다 작다 했더니 230ml로 왔네요.,1,용량,merged_duplicate_label,45,29,2,0.9892332553863525,중립,부정
587239,쇼핑몰,스킨케어,OO 멘** 포밍워시 200ml 2개,아들이 사춘기가 되어 여드름이 올라오기 시작하길래 세안용으로 사용했는데 즉각적인 효과가 나타나는것은 아니고 여드름이 조금 덜 생기게 하는것 같네요. 아이가 좋다고 합니다.,기능/효과,즉각적인 효과가 나타나는것은 아니고,0,[속성] 기능/효과 [문장] 즉각적인 효과가 나타나는것은 아니고,2,기능/효과,unchanged,35,21,1,0.9121156334877014,부정,중립
582740,쇼핑몰,스킨케어,OO 마** 퓨어 클렌징오일 200ml 1개,클렌징폼 전 단계에 1차세안용으로 사용 중입니다. 가격이 비싼 편이지만 워낙 유명한 제품이라 구매해봤어요. 향은 제 취향이 아니지만 사용감은 일단 무난한 것 같아요. 유명한 이유가 있으려니 싶어서 효과가 어떤지 계속 사용해보려고 해요.,사용감,사용감은 일단 무난한 것 같아요.,0,[속성] 사용감 [문장] 사용감은 일단 무난한 것 같아요.,2,사용감,unchanged,32,21,0,0.7712810635566711,긍정,중립
593907,쇼핑몰,스킨케어,OO 그** 선 플러스 50ml 1개,"무기자차 썬크림으로 구매해서 몇 개월 발랐어요. 제품이 순하고, 향이 없어서 좋았습니다. 썬크림은 매일 바르는 아이템이라 매일 열심히 바르고 다 써갈 때, 양이 얼마 남지 않았을 때 봤더니, 제형이 크림과 기름이 따로따로 분리가 되서 나오더라구요. 그래서 바르기 찝찝해서 버렸네요. 바르고 얼굴 트러블도 몇 개 생겼어요. 계속 쓰던 제품인데 사용기간이 임박했던 것 같아요. 가격대비 양도 좀 아쉬웠던 제품입니다.",성분,무기자차 썬크림으로,0,[속성] 성분 [문장] 무기자차 썬크림으로,2,성분,unchanged,23,15,0,0.9713107943534851,긍정,중립
593907,쇼핑몰,스킨케어,OO 그** 선 플러스 50ml 1개,"무기자차 썬크림으로 구매해서 몇 개월 발랐어요. 제품이 순하고, 향이 없어서 좋았습니다. 썬크림은 매일 바르는 아이템이라 매일 열심히 바르고 다 써갈 때, 양이 얼마 남지 않았을 때 봤더니, 제형이 크림과 기름이 따로따로 분리가 되서 나오더라구요. 그래서 바르기 찝찝해서 버렸네요. 바르고 얼굴 트러블도 몇 개 생겼어요. 계속 쓰던 제품인데 사용기간이 임박했던 것 같아요. 가격대비 양도 좀 아쉬웠던 제품입니다.",제형,제형이 크림과 기름이 따로따로 분리가 되서 나오더라구요.,-1,[속성] 제형 [문장] 제형이 크림과 기름이 따로따로 분리가 되서 나오더라구요.,1,제형,unchanged,44,26,2,0.963110089302063,중립,부정
587167,쇼핑몰,스킨케어,OO 멘** 포밍워시 200ml 2개,요즘들어 없던 여드름이 생겨나서 입소문 듣고 사용하는 중이에요. 거품이 풍성해서 좋아요. 향도 은은해서 부담 없습니다. 여드름은 청결이 제일 중요하다는데 세정력도 나쁘지 않아 만족스럽게 사용하고 있습니다.,기능/효과,세정력도 나쁘지 않아,1,[속성] 기능/효과 [문장] 세정력도 나쁘지 않아,0,기능/효과,unchanged,27,18,2,0.8804404139518738,중립,긍정
596717,쇼핑몰,스킨케어,OO 브라이트닝 업 선 플러스 50ml 1개,전에 써보고 좋다고 생각했던 제품입니다. 누드톤을 선택해서 바르고 있는데 백탁현상도 없고 발림성이 좋네요. 제형이 약간 묽은편이라 그런거 같습니다. 향도 진하지않고 부담없는 가격에 잘 사용하게 될 것 같습니다.,색상,누드톤을 선택해서 바르고,1,[속성] 색상 [문장] 누드톤을 선택해서 바르고,0,색상,unchanged,26,16,2,0.9765893816947937,중립,긍정
596717,쇼핑몰,스킨케어,OO 브라이트닝 업 선 플러스 50ml 1개,전에 써보고 좋다고 생각했던 제품입니다. 누드톤을 선택해서 바르고 있는데 백탁현상도 없고 발림성이 좋네요. 제형이 약간 묽은편이라 그런거 같습니다. 향도 진하지않고 부담없는 가격에 잘 사용하게 될 것 같습니다.,제형,제형이 약간 묽은편이라 그런거 같습니다.,1,[속성] 제형 [문장] 제형이 약간 묽은편이라 그런거 같습니다.,0,제형,unchanged,35,19,2,0.9455083608627319,중립,긍정
586646,쇼핑몰,스킨케어,OO 멘** 포밍워시 200ml 2개,효과가 좋진 않은데 거품으로 나오다보니 사용하기 편하고 좋습니다. 세정력도 괜찮은 것 같습니다. 여드름 피부인 사람이 쓰다보니 보습력은 크게 좋진 않네요. 향은 거슬리진 않지만 좋지도 않습니다.,향,향은 거슬리진 않지만 좋지도 않습니다.,0,[속성] 향 [문장] 향은 거슬리진 않지만 좋지도 않습니다.,2,향,unchanged,33,21,1,0.9881332516670227,부정,중립
597505,쇼핑몰,스킨케어,OO 메** UV 울트라 선 50ml 1개,아이가 썼던 거 사용하고 괜찮아서 계속 이것만 쓰게 됩니다. 발림성이 약간 뻑뻑한 감은 있고 백탁현상이 있지만 오래 두드리다 보면 백탁현상은 없어집니다. 아이들과 함께 바르기 무난하고 좋습니다.,흡수력,오래 두드리다 보면 백탁현상은 없어집니다.,0,[속성] 흡수력 [문장] 오래 두드리다 보면 백탁현상은 없어집니다.,2,흡수력,unchanged,37,24,0,0.9894676804542542,긍정,중립
582575,쇼핑몰,스킨케어,OO 마** 퓨어 클렌징오일 200ml 1개,블랙헤드가 줄어든건지는 모르겠지만 세정력이 좋아 씻고 난 후 느낌은 개운하고 좋습니다. 계속 사용하다 보면 블랙해드도 많이 줄지 않을까 싶습니다. 아침에는 자극이 강한 느낌이라 오후세안만 하고 있어요. 남편도 가끔 사용하는데 세안이 잘된다고 좋아하네요,기능/효과,블랙헤드가 줄어든건지는 모르겠지만,-1,[속성] 기능/효과 [문장] 블랙헤드가 줄어든건지는 모르겠지만,1,기능/효과,unchanged,34,22,2,0.9926223754882812,중립,부정
586662,쇼핑몰,스킨케어,OO 멘** 포밍워시 200ml 2개,사춘기 아이나 지성피부에 사용하면 좋을듯합니다. 여드름 피부라 처음 구입했을때는 그저 페이셜 클렌저이겠거니 했는데 효과가 좋아서 계속 사용하고 있습니다. 향은 별로지만 제형이 포밍 타입이라 세정 후 세척도 잘 되어 편하고 좋습니다.,제형,제형이 포밍 타입이라,1,[속성] 제형 [문장] 제형이 포밍 타입이라,0,제형,unchanged,24,16,2,0.953317403793335,중립,긍정
589498,쇼핑몰,스킨케어,OO 딥 클린 클렌저 175g 1개,여름이면 번들거리고 피지 분비가 많아 여드름이 자주 나는데 확실히 OO 포밍 클렌저를 사용하니 효과가 있는 건지 피부가 훨씬 깔끔합니다. 거품도 풍성하게 잘나서 미세하게 모공까지 씻어주고 해주고 자극이 덜 해서 민감한 피부에도 좋은 것 같습니다. 순한 약산성 클렌저이지만 세정력까지 좋아서 우수한 세정력이 필요하신 분들께 OOO 제품을 추천합니다. 가격도 저렴하고 OOO다운 제품이랍니다.,성분,약산성 클렌저이지만,1,[속성] 성분 [문장] 약산성 클렌저이지만,0,성분,unchanged,23,15,2,0.9950448274612427,중립,긍정
589447,쇼핑몰,스킨케어,OO 딥 클린 클렌저 175g 1개,살리실산 성분이 함유 되었는데도 순하고 세정력도 좋습니다. 각질케어가 되서 피부 유분 수분 밸런스 맞추기도 좋습니다. 양이 좀 작아서 아쉬워요.,성분,살리실산 성분이 함유 되었는데도,0,[속성] 성분 [문장] 살리실산 성분이 함유 되었는데도,2,성분,unchanged,30,19,0,0.9972034692764282,긍정,중립
600685,쇼핑몰,스킨케어,OO 선** 선크림 55ml 1개,배송도 빠릅니다. 눈 시림이 고민이신 분들에게 추천합니다. 끈적이지 않고 뽀송뽀송하고 바르자 마자 얼마 안 지나서 바른 느낌도 나지 않습니다. 자외선 차단효과도 좋습니다.,흡수력,바르자 마자 얼마 안 지나서 바른 느낌도 나지 않습니다.,1,[속성] 흡수력 [문장] 바르자 마자 얼마 안 지나서 바른 느낌도 나지 않습니다.,0,흡수력,unchanged,45,25,1,0.9986959099769592,부정,긍정
587082,쇼핑몰,스킨케어,OO 멘** 포밍워시 200ml 2개,"항상 구입해서 쓰는 제품입니다. 여드름 피부에도 좋고, 간단한 화장 클렌징할 때도 제형이 거품이라 편하게 사용하기 좋습니다. 가격 대비 용량이 적고, 사용기간이 짧은 게 아쉬워요.",제형,제형이 거품이라,0,[속성] 제형 [문장] 제형이 거품이라,2,제형,unchanged,21,14,0,0.9818092584609985,긍정,중립
587068,쇼핑몰,스킨케어,OO 멘** 포밍워시 200ml 2개,여드름에 좋다고 해서 ㅇㅇㅇ 포밍 워시로 바꿔 보았습니다. 향은 그저 그렇고 거품은 풍성해서 세정력은 좋습니다. 아직까지 여드름이 좋아지는 효과는 없어요. 열심히 쓰다 보면 효과가 있겠지요 기대해봅니다.,향,향은 그저 그렇고,-1,[속성] 향 [문장] 향은 그저 그렇고,1,향,unchanged,21,14,2,0.9987188577651978,중립,부정
593955,쇼핑몰,스킨케어,OO 그** 선 플러스 50ml 1개,OOO 잘 쓰고 있어요. 또 3통 쟁여놨네요. 무기자차 성분이라 백탁현상이 있지만 나머지 단점 없습니다. 예민한 피부에 좋은 썬크림이네요.,성분,무기자차 성분이라,0,[속성] 성분 [문장] 무기자차 성분이라,2,성분,unchanged,22,15,0,0.9655660390853882,긍정,중립
593929,쇼핑몰,스킨케어,OO 그** 선 플러스 50ml 1개,피부과 추천으로 구매했는데 선크림을 잘 안쓰는 편인데도 이제품은 부담없이 편하게 바르기 좋네요. 바르면 살짝 매트해서 외출 할 때도 간편하게 바르고 지속력도 오래 가는 것 같네요. 향도 없고 번들거리지도 않아서 데일리로 바르기 아주 좋은 상품이에요. 수분감이 너무 많으면 마스크 쓰기가 불편한데 외출 시 간단하게 바르고 마스크 써도 많이 묻지않아서 가격 좋은 행사 할 때 미리 쟁여놓고 쓰네요.,보습력/수분감,살짝 매트해서,1,[속성] 보습력/수분감 [문장] 살짝 매트해서,0,보습력/수분감,unchanged,25,16,1,0.9865443110466003,부정,긍정
599052,쇼핑몰,스킨케어,OO 멀티 선크림 70ml 1개,유분기가 없고 발림성이 좋아요. 썬크림은 자주 발라줘야 효과가 있다고 합니다. 비싼거나 싼거나 효과는 별차이 없는듯해요. 습관이 중요한듯합니다.,기능/효과,효과는 별차이 없는듯해요.,0,[속성] 기능/효과 [문장] 효과는 별차이 없는듯해요.,2,기능/효과,unchanged,30,22,1,0.9966116547584534,부정,중립
600183,쇼핑몰,스킨케어,OO 밀** 상백 크림 50ml 1개,발림성이나 눈시림에는 만족하는 편입니다. 밀키톤업이라는 컬러는 어느정도 톤업도 기대하고 선택한 컬러인데 톤업효과는 별로예요.,색상,밀키톤업이라는 컬러는 어느정도 톤업도 기대하고 선택한 컬러인데 톤업효과는 별로예요.,0,[속성] 색상 [문장] 밀키톤업이라는 컬러는 어느정도 톤업도 기대하고 선택한 컬러인데 톤업효과는 별로예요.,2,색상,unchanged,59,38,1,0.999561607837677,부정,중립
599826,쇼핑몰,스킨케어,OO 더** 스킨 선로션 200ml 1개,OOO를 사용하는 이유는 성분이 좋아서였는데 요즘 제품들은 백탁 현상이 없어서 OOO도 화학적 성분을 쓰는지 의심스럽네요. 화학적 성분은 각종 질병을 일으키는 유해한 성분이라 백탁 현상이 없다고 좋아할 일이 아니거든요. 백탁이 있어야 성분이 안심되는데 전혀 없네요.,성분,백탁이 있어야 성분이 안심되는데 전혀 없네요.,-1,[속성] 성분 [문장] 백탁이 있어야 성분이 안심되는데 전혀 없네요.,1,성분,unchanged,38,24,0,0.9994620680809021,긍정,부정
591793,쇼핑몰,스킨케어,OO 클렌징 폼 150ml 1개,용량이 큰 폼클렌저네요. 연두색에 알갱이 제형이 들어 있고 처음이라 기대가 많았습니다. 따로 거슬리는 점은 없구요. 세정력이 좋고 카올린이나 규조토같은 성분들이 들어있어 건성인 분들은 뻑뻑한 사용감으로 느낄 수 있어요. 지성피부에게 아주 좋을 것 같습니다. 중성인 저는 일주일에 두번 정도 사용 중이랍니다. 가격이 조금 쎈 점 빼고는 다 만족해요.,성분,카올린이나 규조토같은 성분들이 들어있어,0,[속성] 성분 [문장] 카올린이나 규조토같은 성분들이 들어있어,2,성분,unchanged,34,23,0,0.864305853843689,긍정,중립
596547,쇼핑몰,스킨케어,OO 브라이트닝 업 선 플러스 50ml 1개,"OOO 썬크림 없으면 큰일납니다 색상 들어가 있어서 혹시나 무기자차 라인, 타 제품 한번 바르고 다시 돌아왔습니다. 썬크림 바르고 프레스드 파우더 톡톡 올려주고 림밥 발라주면 가벼운 데일리 화장 끝이네요. 땀 많이 흘려도 저녁까지 지속력 있습니다.",색상,색상 들어가 있어서,0,[속성] 색상 [문장] 색상 들어가 있어서,2,색상,unchanged,23,14,0,0.9951356053352356,긍정,중립
593608,쇼핑몰,스킨케어,OO 그** 선 플러스 50ml 1개,"OOO에서 구매한 건 쫀득하면서 백탁현상이 덜한데, 이 제품은 제형이 묽고, 백탁현상이 있어요. 향도 별로네요.",제형,"제형이 묽고,",-1,"[속성] 제형 [문장] 제형이 묽고,",1,제형,unchanged,20,13,2,0.6697235703468323,중립,부정
587431,쇼핑몰,스킨케어,OO 멘** 포밍워시 200ml 2개,다 좋은데 포장 뜯기가 너무 힘들어요. 사춘기 아이를 위해서 오래 사용하는데 습관 되서 인지 아이들이 이 제품만 씁니다. 엄청난 효과는 모르겠고 적당한 세정력에 피부가 너무 건조하게 되지 않고 거품으로 자극 없이 세안이 가능해서 좋습니다. 리필이 나오면 더 좋겠어요.,기능/효과,엄청난 효과는 모르겠고,-1,[속성] 기능/효과 [문장] 엄청난 효과는 모르겠고,1,기능/효과,unchanged,28,17,2,0.9838236570358276,중립,부정
587099,쇼핑몰,스킨케어,OO 멘** 포밍워시 200ml 2개,항상 사용중인 OOO 거품 제형으로 세정되어 부드럽고 깨끗함이 느껴지네요. 몇개씩 주문하니 여유 있어 좋습니다. 유통기한은 24년12월10일로 넉넉하네요. 효과가 좋기를 바랍니다. 좋은상품 감사하네요.,제형,거품 제형으로 세정되어,0,[속성] 제형 [문장] 거품 제형으로 세정되어,2,제형,unchanged,25,15,0,0.9930639863014221,긍정,중립
593840,쇼핑몰,스킨케어,OO 그** 선 플러스 50ml 1개,"발림성 좋고 눈시림때문에 선택했는데 괜찮습니다. 유분기가 있어서 건성피부에는 괜찮은데 많이 바르면 얼굴만 둥둥 뜨긴 하고요, 지성피부가 쓰기엔 별로일 것 같아요.",보습력/수분감,유분기가 있어서,0,[속성] 보습력/수분감 [문장] 유분기가 있어서,2,보습력/수분감,unchanged,26,19,1,0.9767772555351257,부정,중립
599232,쇼핑몰,스킨케어,OO 멀티 선크림 70ml 1개,배송은 이틀 걸렸어요. 발림성 좋습니다. 그런데 많이 번들거리네요. 좋은 향도 없고 사용감이 그저 그렇습니다. 저렴한 가격이라 품질은 불만족스러워도 그냥 쓰네요.,사용감,사용감이 그저 그렇습니다.,-1,[속성] 사용감 [문장] 사용감이 그저 그렇습니다.,1,사용감,unchanged,28,18,2,0.9949133396148682,중립,부정
598899,쇼핑몰,스킨케어,OO 멀티 선크림 70ml 1개,"향도 적당히 좋아요. 제형이 로션같은 타입이라서 바르기도 쉽습니다. 팔 다리에 발라도 되고, 가격도 저렴해서 너무 마음에 들어요. 유통기간도 24년까지로 넉넉해서 좋습니다.",제형,제형이 로션같은 타입이라서,1,[속성] 제형 [문장] 제형이 로션같은 타입이라서,0,제형,unchanged,27,18,2,0.9880734086036682,중립,긍정
600496,쇼핑몰,스킨케어,OO 밀** 상백 크림 50ml 1개,많이 촉촉해요. 나쁘게 말하면 번들번들하고 기름기 많습니다. 건조하진 않는듯 하고 눈시림 없다고 했는데 저는 있네요. 색깔이 없어서 수시로 바르기 편합니다. 정말 부담없이 바르는 용이에요.,색상,색깔이 없어서,1,[속성] 색상 [문장] 색깔이 없어서,0,색상,unchanged,20,14,2,0.5232717394828796,중립,긍정
589456,쇼핑몰,스킨케어,OO 딥 클린 클렌저 175g 1개,순해요. 며칠 사용해보니 피지는 확실히 줄어드는 것 같습니다. bha성분이 들어 있어서 각질제거와 피지케어가 되는 느낌입니다. 그리고 ph 밸런싱도 돼서 따끔거리거나 유수분을 빨아드리는 느낌이 아니라서 세안하고 화장대로 가는 시간이 신경 쓰이지 않아요. 쫀득한 텍스쳐에 거품도 미세거품으로 잘 나와서 세안하기 편리합니다. 아침용으로 사용하고 저녁에는 화장품 때문에 다른 제품을 쓰고 있습니다.,자극성,따끔거리거나 유수분을 빨아드리는 느낌이 아니라서,1,[속성] 자극성 [문장] 따끔거리거나 유수분을 빨아드리는 느낌이 아니라서,0,자극성,unchanged,40,25,1,0.9979567527770996,부정,긍정
589456,쇼핑몰,스킨케어,OO 딥 클린 클렌저 175g 1개,순해요. 며칠 사용해보니 피지는 확실히 줄어드는 것 같습니다. bha성분이 들어 있어서 각질제거와 피지케어가 되는 느낌입니다. 그리고 ph 밸런싱도 돼서 따끔거리거나 유수분을 빨아드리는 느낌이 아니라서 세안하고 화장대로 가는 시간이 신경 쓰이지 않아요. 쫀득한 텍스쳐에 거품도 미세거품으로 잘 나와서 세안하기 편리합니다. 아침용으로 사용하고 저녁에는 화장품 때문에 다른 제품을 쓰고 있습니다.,보습력/수분감,유수분을 빨아드리는 느낌이 아니라서,1,[속성] 보습력/수분감 [문장] 유수분을 빨아드리는 느낌이 아니라서,0,보습력/수분감,unchanged,37,25,1,0.9869173765182495,부정,긍정
587386,쇼핑몰,스킨케어,OO 멘** 포밍워시 200ml 2개,ㅇㅇㅇ회사 제품이고 여드름피부 개선이라고 쓰여있어 구매했습니다. 깨끗이 씻어지는 것 같고 거품형태라 사용은 간편합니다. 특별히 보습력이 좋다거나 향이 좋다는 건 잘 모르겠습니다. 두 병 다 저렴하게 구매해 잘 쓰고 있어요. 더 좋은 제품을 발견하지 않으면 재구매 할 것 같네요.,보습력/수분감,특별히 보습력이 좋다거나 향이 좋다는 건 잘 모르겠습니다.,-1,[속성] 보습력/수분감 [문장] 특별히 보습력이 좋다거나 향이 좋다는 건 잘 모르겠습니다.,1,보습력/수분감,unchanged,50,31,2,0.974307119846344,중립,부정
587386,쇼핑몰,스킨케어,OO 멘** 포밍워시 200ml 2개,ㅇㅇㅇ회사 제품이고 여드름피부 개선이라고 쓰여있어 구매했습니다. 깨끗이 씻어지는 것 같고 거품형태라 사용은 간편합니다. 특별히 보습력이 좋다거나 향이 좋다는 건 잘 모르겠습니다. 두 병 다 저렴하게 구매해 잘 쓰고 있어요. 더 좋은 제품을 발견하지 않으면 재구매 할 것 같네요.,향,향이 좋다는 건 잘 모르겠습니다.,-1,[속성] 향 [문장] 향이 좋다는 건 잘 모르겠습니다.,1,향,unchanged,30,20,2,0.8033025860786438,중립,부정
582844,쇼핑몰,스킨케어,OO 마** 퓨어 클렌징오일 200ml 1개,제형을 문지르면 피지 같은 알갱이가 만져집니다. 사용 중에 턱에 트러블이 생겨 없어지지 않는데 이것 때문인지는 모르겠습니다. 자극적이지 않고 순한 제품이라 민감성 피부인 사람한테 괜찮을 것 같습니다.,제형,제형을 문지르면 피지 같은 알갱이가 만져집니다.,0,[속성] 제형 [문장] 제형을 문지르면 피지 같은 알갱이가 만져집니다.,2,제형,unchanged,39,21,1,0.9864240288734436,부정,중립
582844,쇼핑몰,스킨케어,OO 마** 퓨어 클렌징오일 200ml 1개,제형을 문지르면 피지 같은 알갱이가 만져집니다. 사용 중에 턱에 트러블이 생겨 없어지지 않는데 이것 때문인지는 모르겠습니다. 자극적이지 않고 순한 제품이라 민감성 피부인 사람한테 괜찮을 것 같습니다.,자극성,사용 중에 턱에 트러블이 생겨 없어지지 않는데 이것 때문인지는 모르겠습니다.,0,[속성] 자극성 [문장] 사용 중에 턱에 트러블이 생겨 없어지지 않는데 이것 때문인지는 모르겠습니다.,2,자극성,unchanged,56,32,1,0.995693027973175,부정,중립
589652,쇼핑몰,스킨케어,OO 딥 클린 클렌저 175g 1개,세안 후에 피부가 당기는 느낌도 없고 좋은것같네요 세안 당시에는 뽀득거리는 느낌은 않나지만 세정력도 이정도면 나쁘지않은 것 같네요 약산성이라 피부에도 좋을 것 같네요 냄새도 자극적이지 않고 좋아요 이 폼클렌징 사용후에 피부 트러블이 조금 줄어든것 같기도 합니다 용량도 다른 제품들보단 좀 커서 오래 사용할 수 있을 것 같네요 사은품으로 준 작은것도 여행에 가지고 가기 좋아요 다음번에도 재구매할 의사 있네요,기능/효과,세정력도 이정도면 나쁘지않은 것 같네요,1,[속성] 기능/효과 [문장] 세정력도 이정도면 나쁘지않은 것 같네요,0,기능/효과,unchanged,37,25,2,0.5587359666824341,중립,긍정
584994,쇼핑몰,스킨케어,OO 클** 클렌징젤 400ml 1개,거품은 잘 안나는데 자극없이 잘 씻기는 것같습니다. 여드름성 피부인데도 더 번지는거 없이 잘 사용하고 있습니다. 향은 별로예요. 냄새는 남성 화장품 냄새가 나는 것 같은데 그래도 좋아요.,향,냄새는 남성 화장품 냄새가 나는 것 같은데,-1,[속성] 향 [문장] 냄새는 남성 화장품 냄새가 나는 것 같은데,1,향,unchanged,35,21,2,0.9797832369804382,중립,부정
587200,쇼핑몰,스킨케어,OO 멘** 포밍워시 200ml 2개,"이 제품은 향이 일단 순해서 맘에 드네요. 얼굴 트러블이 생기는 아이들용으로 구매했는데 온가족이 같이 잘 사용하고 있네요. 가격도 괜찮고 세정력도 좋고 뾰송한 느낌입니다. 단 , 세일할때 구매한 가격이 아니면 여러식구 사용하기는 가격이 아쉽긴 하네요.",기능/효과,뾰송한 느낌입니다.,1,[속성] 기능/효과 [문장] 뾰송한 느낌입니다.,0,기능/효과,unchanged,26,17,1,0.9995323419570923,부정,긍정
600656,쇼핑몰,스킨케어,OO 선** 선크림 55ml 1개,남편이 유분기 있는 제품 싫어하는데 데일리로 쓸 산뜻한거 찾아서 샀어요. 가볍게 바르기 좋습니다. 끈적이지도 않고 제형이 로션 같아요. 쉽게 잘 발리니 매일 잘 바르고 다녀 좋습니다. 근데 유통기한이 짧은게 와서 담엔 유통기한이 길었으면 합니다. 재구매하려구요.,제형,제형이 로션 같아요.,1,[속성] 제형 [문장] 제형이 로션 같아요.,0,제형,unchanged,24,16,2,0.9890298247337341,중립,긍정
587810,쇼핑몰,스킨케어,OO 시** 오일 280ml 1개,"가격이 저렴해서 써봤는데, 눈화장은 따로 리무버를 사용해야 하고 헹군 뒤 끈적임은 약간 있습니다. 색조화장을 못 지우는 점이 가장 아쉽네요. 세정력이 라이트한 느낌이에요.",기능/효과,눈화장은 따로 리무버를 사용해야 하고,-1,[속성] 기능/효과 [문장] 눈화장은 따로 리무버를 사용해야 하고,1,기능/효과,unchanged,36,23,2,0.9982767105102539,중립,부정
589505,쇼핑몰,스킨케어,OO 딥 클린 클렌저 175g 1개,예전에 즐겨 쓰던 브랜드인데 신제품이 나와서 반갑네요. 약산성으로 피부에 자극없이 깨끗하게 클렌징 돼요. 보습력은 약한 편이지만 여름에 유분조절 효과가 기대됩니다. 가족이 같이 사용하기에도 무리가 없어요. 모든피부에 편하게 사용할 수 있습니다.,성분,약산성으로,1,[속성] 성분 [문장] 약산성으로,0,성분,unchanged,18,12,2,0.9901099801063538,중립,긍정
596361,쇼핑몰,스킨케어,OO 브라이트닝 업 선 플러스 50ml 1개,계속 쓰는 제품인데요. 톤업 확실하고 자연스럽고 번들대지 않는 정말 좋아하는 썬크림입니다. 조금 묽은제형이라 발림성도 좋습니다.,제형,조금 묽은제형이라,1,[속성] 제형 [문장] 조금 묽은제형이라,0,제형,unchanged,22,11,1,0.9433580040931702,부정,긍정
587015,쇼핑몰,스킨케어,OO 멘** 포밍워시 200ml 2개,순하고 향은 은은 합니다. 사용하기 편해서 아이가 좋아해요. 여드름이 올라와서 사용해 봤는데 효과는 아직 모르겠습니다. 가성비는 좋습니다.,기능/효과,여드름이 올라와서 사용해 봤는데 효과는 아직 모르겠습니다.,-1,[속성] 기능/효과 [문장] 여드름이 올라와서 사용해 봤는데 효과는 아직 모르겠습니다.,1,기능/효과,unchanged,48,27,2,0.9989680051803589,중립,부정
596431,쇼핑몰,스킨케어,OO 브라이트닝 업 선 플러스 50ml 1개,"유분 잡아주는게 좋아서 지성피부에 적합 한 것 같네요. 그런데, 사용해보니 생각보다 톤업효과는 잘 모르겠습니다.",기능/효과,톤업효과는 잘 모르겠습니다.,-1,[속성] 기능/효과 [문장] 톤업효과는 잘 모르겠습니다.,1,기능/효과,unchanged,31,21,2,0.9911907911300659,중립,부정
582986,쇼핑몰,스킨케어,OO 마** 퓨어 클렌징오일 200ml 1개,겨울이라 오일타입 구매했어요. 지복합성이라 보통은 로션타입 이용합니다. 사용감이 찐득하게 닦이는것 같아 좋아요. 여름엔 좀 무거울수도 있을 것 같네요. 블랙헤드는 제가 요령이 없는지 다른것들보다는 잘 안빠지는 것 같습니다.,기능/효과,블랙헤드는 제가 요령이 없는지 다른것들보다는 잘 안빠지는 것 같습니다.,-1,[속성] 기능/효과 [문장] 블랙헤드는 제가 요령이 없는지 다른것들보다는 잘 안빠지는 것 같습니다.,1,기능/효과,unchanged,55,36,0,0.9881121516227722,긍정,부정
586481,쇼핑몰,스킨케어,OO 해** 클렌징폼 200g 1개,폼이 필요해서 주문했습니다. 어성초 향이 약간 나긴 나요. 그런데 향 같은 건 개개인마다 느끼는 게 다르겠지만 저는 향이 나쁘지 않았어요. 일단 씻고 나면 얼굴이 정말 당기는데 이게 잘 닦여서 그런 거 같다는 생각이 듭니다. 보통 다른 폼을 사용해도 그렇긴 한데 이 제품은 더 잘 닦이는 느낌이에요. 씻은 후 개운한 느낌이 좋습니다.,향,향이 나쁘지 않았어요.,1,[속성] 향 [문장] 향이 나쁘지 않았어요.,0,향,unchanged,24,17,2,0.8898144364356995,중립,긍정
583314,쇼핑몰,스킨케어,OO 마** 퓨어 클렌징오일 200ml 1개,한번 사용해보니 트러블도 없고 넘 좋아서 재구매 했네요. 행사기간이라 쿠폰으로 저렴히 샀습니다. 샘플도 주시고 좋네요. 냄새만 빼면 맘에 들어요.,향,냄새만 빼면 맘에 들어요.,-1,[속성] 향 [문장] 냄새만 빼면 맘에 들어요.,1,향,unchanged,26,18,0,0.9090297222137451,긍정,부정
585650,쇼핑몰,스킨케어,OO 클** 클렌징젤 400ml 1개,저는 건성인데 저한테 맞는 제품인지는 잘 모르겠네요. 그런데 이걸로 세안하면 개운한 느낌이에요. 전에는 너무 건조했었는데 이걸로 세안하고 좋아졌습니다. 그래서 재구매했어요.,피부타입,건성인데 저한테 맞는 제품인지는 잘 모르겠네요,-1,[속성] 피부타입 [문장] 건성인데 저한테 맞는 제품인지는 잘 모르겠네요,1,피부타입,unchanged,40,27,2,0.847404420375824,중립,부정
585650,쇼핑몰,스킨케어,OO 클** 클렌징젤 400ml 1개,저는 건성인데 저한테 맞는 제품인지는 잘 모르겠네요. 그런데 이걸로 세안하면 개운한 느낌이에요. 전에는 너무 건조했었는데 이걸로 세안하고 좋아졌습니다. 그래서 재구매했어요.,기능/효과,저한테 맞는 제품인지는 잘 모르겠네요,-1,[속성] 기능/효과 [문장] 저한테 맞는 제품인지는 잘 모르겠네요,1,기능/효과,unchanged,36,24,2,0.8565173745155334,중립,부정
583236,쇼핑몰,스킨케어,OO 마** 퓨어 클렌징오일 200ml 1개,세안 후 아주 깨끗한 느낌은 아니네요. 제형이 좀 쫀쫀해요. 세정력은 그럭저럭인데 뒤에 폼클렌징 해야합니다. 너무 기대가 컸던거 같기도 하고 아주 안닦이진 않지만 그렇다고 잘 닦이지도 않네요.,기능/효과,세정력은 그럭저럭인데 뒤에 폼클렌징 해야합니다.,-1,[속성] 기능/효과 [문장] 세정력은 그럭저럭인데 뒤에 폼클렌징 해야합니다.,1,기능/효과,unchanged,42,26,2,0.998846173286438,중립,부정
809327,쇼핑몰,헤어/바디케어,OO 바** 카모마일 크림 250ml 1개,이렇게 좋은 핸드크림은 또 없는 것 같습니다. 제일 좋아요. 저녁에 바르고 자고 나면 아침에 얼마나 매끄럽고 촉촉한지 모릅니다. 좋다는 제품 여러가지 써 봤지만 결국 이거더라고요. 발뒤꿈치에 바르면 갈라짐 없이 뒤꿈치가 매끄러워져서 좋아요.,보습력/수분감,촉촉한지 모릅니다.,1,[속성] 보습력/수분감 [문장] 촉촉한지 모릅니다.,0,보습력/수분감,unchanged,28,18,1,0.996759831905365,부정,긍정
808494,쇼핑몰,헤어/바디케어,OO 인** 리페어 핸드크림 56g 1개,OO의 OOO핸드크림은 요즘보다는 가을에서 겨울 사이에 사용하면 더 효과가 좋을 것 같아요. 사용감이 산뜻하기보다 리치한 느낌이 강해 소량 사용으로 보습력은 좋아요. 바르고 잘 문지르면 보습 효과는 오래가서 계속 사용할 것 같아요.,사용감,사용감이 산뜻하기보다 리치한 느낌이 강해,0,[속성] 사용감 [문장] 사용감이 산뜻하기보다 리치한 느낌이 강해,2,사용감,unchanged,36,22,1,0.9826258420944214,부정,중립
808392,쇼핑몰,헤어/바디케어,OO 인** 리페어 핸드크림 56g 1개,어머님이 밭일 하셔서 손이 너무 거칠어지셔서 샀습니다. 끈적거리는 편이지만 흡수는 잘 되는 것 같습니다. 손이 부드러워지면 좋겠습니다.,보습력/수분감,손이 부드러워지면 좋겠습니다.,0,[속성] 보습력/수분감 [문장] 손이 부드러워지면 좋겠습니다.,2,보습력/수분감,unchanged,34,23,1,0.9890368580818176,부정,중립
812269,쇼핑몰,헤어/바디케어,OO 카** 클래식 핸드 앤 네일크림 100ml 1개,같은 브랜드의 다른 제품보다 보습력이 많이 떨어지는 것은 아닙니다. 확실히 손에 바르면 손이 쫀쫀하게 부드러워집니다. 데일리로 사용하기 좋습니다. 건조한 날씨에 쓰기에도 좋아서 괜히 이 브랜드가 유명한 게 아니구나 생각했습니다.,보습력/수분감,다른 제품보다 보습력이 많이 떨어지는 것은 아닙니다.,1,[속성] 보습력/수분감 [문장] 다른 제품보다 보습력이 많이 떨어지는 것은 아닙니다.,0,보습력/수분감,unchanged,47,27,2,0.9733107089996338,중립,긍정
808166,쇼핑몰,헤어/바디케어,OO 인** 리페어 핸드크림 56g 1개,고농축이라 바르면 찐득찐득하지만 시간이 지나면 촉촉해집니다. 추운곳에서 일하느라 손이 거칠거칠한데 ㅇㅇㅇ 핸드크림 덕 좀 보고 있습니다.,제형,고농축이라 바르면 찐득찐득하지만,1,[속성] 제형 [문장] 고농축이라 바르면 찐득찐득하지만,0,제형,unchanged,30,21,2,0.7838889360427856,중립,긍정
808476,쇼핑몰,헤어/바디케어,OO 인** 리페어 핸드크림 56g 1개,핸드크림은 일년 내내 주구장창 사용하는 제품입니다. 그런데 이번에 산 OO 제품은 제형이 너무 꾸덕합니다. 바르면 싹 하얘지더니 많이 비벼야 겨우 흡수가 됩니다. 끈덕한 느낌이 오래가서 바로 손으로 하는 일을 못하겠습니다.,흡수력,끈덕한 느낌이 오래가서,-1,[속성] 흡수력 [문장] 끈덕한 느낌이 오래가서,1,흡수력,unchanged,26,17,0,0.9991372227668762,긍정,부정
811120,쇼핑몰,헤어/바디케어,OO 세** 항균 핸드워시 레몬향 3500ml 1개,손을 너무 자주 닦아서 대용량으로 구매했습니다. 작은 공병2개가 같이 배송 되었네요. 작은 입구에 따를 때만 고무버튼 같은 걸 누르면 돼서 흘리지 않게 되어 있네요. 향은 별로지만 가성비 좋아서 계속 쓰려구요.,제품구성,작은 공병2개가 같이 배송 되었네요.,1,[속성] 제품구성 [문장] 작은 공병2개가 같이 배송 되었네요.,0,제품구성,unchanged,35,25,2,0.7672416567802429,중립,긍정
808253,쇼핑몰,헤어/바디케어,OO 인** 리페어 핸드크림 56g 1개,한동안 사용해 본 결과 정말 촉촉하고 피부가 부드러워졌습니다. 발림성은 로션보다 뻑뻑한 듯하지만 그래서 오히려 더 좋은 것 같습니다.,발림성,발림성은 로션보다 뻑뻑한 듯하지만 그래서 오히려 더 좋은 것 같습니다.,1,[속성] 발림성 [문장] 발림성은 로션보다 뻑뻑한 듯하지만 그래서 오히려 더 좋은 것 같습니다.,0,발림성,unchanged,53,34,2,0.5477989315986633,중립,긍정
801478,쇼핑몰,헤어/바디케어,OO 세** 모이스춰라이징 크림 구형 550g 1개,피부 보습을 위해 주문했습니다. 꾸덕한 크림 제형이라 매트하게 발려서 사용하기 불편하네요. 보습력도 특별히 더 좋은지는 모르겠습니다.,제형,꾸덕한 크림 제형이라,-1,[속성] 제형 [문장] 꾸덕한 크림 제형이라,1,제형,unchanged,24,16,2,0.9792630076408386,중립,부정
813678,쇼핑몰,헤어/바디케어,OO 시** 드라이 스킨 핸드크림 150ml 1개,상품 품질이 좋아요. 마음에 듭니다. OO을 좋아해서 몇 년째 쓰고 있습니다. 겨울철엔 대용량이 필수입니다. 끈적임도 심하지 않고 요즘 같이 손 자주 씻을 때 가성비 괜찮은 OO이에요.,흡수력,끈적임도 심하지 않고,0,[속성] 흡수력 [문장] 끈적임도 심하지 않고,2,흡수력,unchanged,25,17,0,0.9752126932144165,긍정,중립
808939,쇼핑몰,헤어/바디케어,OO 바** 카모마일 크림 250ml 1개,강한 보습 제품을 찾다가 홈쇼핑 보고 알게 되어서 구매했어요. 제형은 로션과 크림의 중간 정도 되는 느낌이고 끈적임은 심해요. 잘 스며들지 않아서 맘에 안 들어요. 무향을 주로 쓰는 저에게는 향이 생각보다 강한편입니다. 요즘 손끝이 거칠어졌는데 이 제품 바르고도 보습력이 좋다는 걸 모르겠습니다.,보습력/수분감,보습력이 좋다는 걸 모르겠습니다,0,[속성] 보습력/수분감 [문장] 보습력이 좋다는 걸 모르겠습니다,2,보습력/수분감,unchanged,35,23,1,0.9763408303260803,부정,중립
808535,쇼핑몰,헤어/바디케어,OO 인** 리페어 핸드크림 56g 1개,"선물 받은 핸드크림이 다 되어서 주문했습니다. 제형이 꾸덕한 느낌이지만 아주 보습력이 짱짱해서 좋았습니다. 영양상태도 좋아진것 같습니다. 흡수력이 좋았어요. 손을 맛사지 하듯 바르면 더 부드럽게 발려지는 것 같습니다, 향도 자극 없어서 좋았습니다.",제형,제형이 꾸덕한 느낌이지만,-1,[속성] 제형 [문장] 제형이 꾸덕한 느낌이지만,1,제형,unchanged,26,17,2,0.9815187454223633,중립,부정
810036,쇼핑몰,헤어/바디케어,OO 바** 크림 75ml 4개,튜브형보다 틴케이스가 더 정감 있고 사용하기 편한 것 같습니다. 남김 없이 쓸 수 있는 용기라는 점도 좋습니다. 꾸덕한 제형의 크림이라 바를 때 뻑뻑하지만 손의 건조함을 즉각 해결해 줘요. 무겁지 않고 유분감이 오래 느껴지지 않습니다.,흡수력,무겁지 않고,0,[속성] 흡수력 [문장] 무겁지 않고,2,흡수력,unchanged,20,14,0,0.9991039633750916,긍정,중립
810036,쇼핑몰,헤어/바디케어,OO 바** 크림 75ml 4개,튜브형보다 틴케이스가 더 정감 있고 사용하기 편한 것 같습니다. 남김 없이 쓸 수 있는 용기라는 점도 좋습니다. 꾸덕한 제형의 크림이라 바를 때 뻑뻑하지만 손의 건조함을 즉각 해결해 줘요. 무겁지 않고 유분감이 오래 느껴지지 않습니다.,보습력/수분감,유분감이 오래 느껴지지 않습니다.,0,[속성] 보습력/수분감 [문장] 유분감이 오래 느껴지지 않습니다.,2,보습력/수분감,unchanged,36,24,0,0.9310702681541443,긍정,중립
808254,쇼핑몰,헤어/바디케어,OO 인** 리페어 핸드크림 56g 1개,날씨가 추워져서 구매했습니다. 꾸덕한 크림제형으로 매트하게 발리네요. 피부에 잘 스며들지 않습니다. 건성피부라 촉촉함도 부족하네요. 겨울에 바르면 좀 건조할 것 같습니다.,제형,꾸덕한 크림제형으로,-1,[속성] 제형 [문장] 꾸덕한 크림제형으로,1,제형,unchanged,23,16,2,0.9897559285163879,중립,부정
808254,쇼핑몰,헤어/바디케어,OO 인** 리페어 핸드크림 56g 1개,날씨가 추워져서 구매했습니다. 꾸덕한 크림제형으로 매트하게 발리네요. 피부에 잘 스며들지 않습니다. 건성피부라 촉촉함도 부족하네요. 겨울에 바르면 좀 건조할 것 같습니다.,발림성,매트하게 발리네요.,-1,[속성] 발림성 [문장] 매트하게 발리네요.,1,발림성,unchanged,24,18,2,0.9434342384338379,중립,부정
802027,쇼핑몰,헤어/바디케어,OO 바** 맨 리페어링 모이스처 로션 450ml 2개,ㅇㅇ향수 냄새나네요. 첫향 진하고 지속력 반나절정도 되는듯 해요. 촉촉하고 쓸만하네요. 향 별로라하는 분도 많은데 전 좋습니다. 참고로 전 여자입니다.,지속력/유지력,지속력 반나절정도 되는듯 해요.,0,[속성] 지속력/유지력 [문장] 지속력 반나절정도 되는듯 해요.,2,지속력/유지력,unchanged,35,23,0,0.9330472350120544,긍정,중립
803768,쇼핑몰,헤어/바디케어,OO 온** 퓨어 시카 쉐어 바디로션 1000ml 1개,향이 많이 나지 않아 아쉽고 타 상품에 비해 보습력과 발림성도 월등하진 않습니다.,보습력/수분감,타 상품에 비해 보습력과 발림성도 월등하진 않습니다.,0,[속성] 보습력/수분감 [문장] 타 상품에 비해 보습력과 발림성도 월등하진 않습니다.,2,보습력/수분감,unchanged,47,31,1,0.8802279233932495,부정,중립
803768,쇼핑몰,헤어/바디케어,OO 온** 퓨어 시카 쉐어 바디로션 1000ml 1개,향이 많이 나지 않아 아쉽고 타 상품에 비해 보습력과 발림성도 월등하진 않습니다.,발림성,발림성도 월등하진 않습니다.,0,[속성] 발림성 [문장] 발림성도 월등하진 않습니다.,2,발림성,unchanged,29,22,1,0.971010148525238,부정,중립
808811,쇼핑몰,헤어/바디케어,OO 바** 카모마일 크림 250ml 1개,"OO의 OOO로션을 오랫동안 사용하고 있어요. 흡수력도 좋고 보습력도 좋아서 다른 핸드로션보다 확실히 낫더라고요. 그래서 추운 계절이고 너무 건조한 날씨라서 이번엔 같은 OO의 크림 제품을 써 보자 싶어서 구매했어요. 로션과 거의 같이 좋은 품질인데 제형이 좀 더 농도가 있다 보니 더 촉촉한 느낌입니다. 철제 용기에 들어 있어서 은박지로 된 속덮개를 조금씩 열어가면서 사용하는 게 약간 불편하긴 해요. 봄, 여름에는 산뜻한 로션을 쓰다가 가을, 겨울에는 크림을 쓰면 좋을 것 같아요. 용량도 많고 가격도 저렴해서 OO 핸드크림 추천해요.",기능/효과,"가을, 겨울에는 크림을 쓰면 좋을 것 같아요.",1,"[속성] 기능/효과 [문장] 가을, 겨울에는 크림을 쓰면 좋을 것 같아요.",0,기능/효과,unchanged,41,27,2,0.9798784255981445,중립,긍정
814097,쇼핑몰,헤어/바디케어,OO 시** 드라이 스킨 핸드크림 150ml 1개,OO 핸드크림은 OOO이 제일 좋습니다. 선물용으로 샀습니다. 대용량이라 그래도 용량 대비 덜 비싸네요. 사은품도 잘 챙겨주셨습니다.,가격,대용량이라 그래도 용량 대비 덜 비싸네요.,0,[속성] 가격 [문장] 대용량이라 그래도 용량 대비 덜 비싸네요.,2,가격,unchanged,36,20,0,0.9352055788040161,긍정,중립
812472,쇼핑몰,헤어/바디케어,OO 카** 클래식 핸드 앤 네일크림 100ml 1개,저렴하게 잘 구입했어요. 보습력이 아주 좋거나 흡수력이 뛰어나지는 않으나 일상생활에서 가성비 있게 사용하기 나쁘지 않아요. 배송도 ㅇㅇ배송으로 편리했습니다. 2개 사서 사무실하고 차에서 주로 쓰고 있어요,보습력/수분감,보습력이 아주 좋거나 흡수력이 뛰어나지는 않으나,-1,[속성] 보습력/수분감 [문장] 보습력이 아주 좋거나 흡수력이 뛰어나지는 않으나,1,보습력/수분감,unchanged,44,27,2,0.9841213226318359,중립,부정
812472,쇼핑몰,헤어/바디케어,OO 카** 클래식 핸드 앤 네일크림 100ml 1개,저렴하게 잘 구입했어요. 보습력이 아주 좋거나 흡수력이 뛰어나지는 않으나 일상생활에서 가성비 있게 사용하기 나쁘지 않아요. 배송도 ㅇㅇ배송으로 편리했습니다. 2개 사서 사무실하고 차에서 주로 쓰고 있어요,가격,일상생활에서 가성비 있게 사용하기 나쁘지 않아요.,1,[속성] 가격 [문장] 일상생활에서 가성비 있게 사용하기 나쁘지 않아요.,0,가격,unchanged,40,24,2,0.8357936143875122,중립,긍정
817505,쇼핑몰,헤어/바디케어,OO 랩** 센서티브 포밍 핸드워시 250ml 1개,세정력도 괜찮습니다. 잘 쓰고 있습니다.하지만 향 부분은 오이비누 향이 나서 별로에요. 보습력 부분은 마침 환절기라 평소보다 건조해진 상태라 이 제품에 대한 평가는 어려울 것 같습니다. 세정시 한손으로 펌핑할때 다른 제품보다 앞으로 고꾸라지는 일이 잦아서 용기가 불만족입니다. 1+1으로 워낙 저렴하게 구매해서 이 정도면 만족하려고 합니다.,보습력/수분감,보습력 부분은 마침 환절기라 평소보다 건조해진 상태라 이 제품에 대한 평가는 어려울 것 같습니다,0,[속성] 보습력/수분감 [문장] 보습력 부분은 마침 환절기라 평소보다 건조해진 상태라 이 제품에 대한 평가는 어려울 것 같습니다,2,보습력/수분감,unchanged,71,38,1,0.9396822452545166,부정,중립
811316,쇼핑몰,헤어/바디케어,OO 세** 항균 핸드워시 레몬향 3500ml 1개,상품 품질이 좋아요. 마음에 듭니다. 거품 제형도 생크림처럼 쫀득하고 거품이 부드럽네요. 향 지속력은 약한 것 같습니다. 지속력이 오래 갔으면 좋을 것 같아요. 그래도 지금까지 사용한 제품보다 품질이 월등히 좋아서 추천합니다.,지속력/유지력,지속력이 오래 갔으면 좋을 것 같아요.,-1,[속성] 지속력/유지력 [문장] 지속력이 오래 갔으면 좋을 것 같아요.,1,지속력/유지력,unchanged,39,26,2,0.9986853003501892,중립,부정
817493,쇼핑몰,헤어/바디케어,OO 랩** 센서티브 포밍 핸드워시 250ml 1개,향은 특별히 없습니다. 피부 보호가 되는 자연 성분이라고 하고 1+1이어서 구매했어요. 사용해 봤는데 다른 제품과 효과나 성분 차이가 느껴지진 않습니다. 거품은 잘 나고 세정력도 괜찮습니다. 보습력은 그냥 평범한 것 같아요.,성분,성분 차이가 느껴지진 않습니다.,0,[속성] 성분 [문장] 성분 차이가 느껴지진 않습니다.,2,성분,unchanged,30,19,0,0.9044129252433777,긍정,중립
806627,쇼핑몰,헤어/바디케어,OO 아** 모이스춰라이저 400ml 1개,제형이 로션처럼 좀 묽습니다. 향은 좀 별로인 거 같습니다. 그전에 쓰던 건 바르고 나면 방 안에 향이 났었는데 이건 그저 그렇습니다.,제형,제형이 로션처럼 좀 묽습니다.,0,[속성] 제형 [문장] 제형이 로션처럼 좀 묽습니다.,2,제형,unchanged,29,16,1,0.9866183400154114,부정,중립
811307,쇼핑몰,헤어/바디케어,OO 세** 항균 핸드워시 레몬향 3500ml 1개,타 제품보다 거품 제형이 미세하고 부드러워 좋습니다. 레몬향보다는 시트러스향에 가까운데 좋아요. 통은 아까워서 세탁세제통으로 재활용하려고 합니다. 엎어놓고 쓰면 편해서 좋습니다.,용기,통은 아까워서 세탁세제통으로 재활용하려고 합니다.,1,[속성] 용기 [문장] 통은 아까워서 세탁세제통으로 재활용하려고 합니다.,0,용기,unchanged,40,24,1,0.9957786798477173,부정,긍정
812876,쇼핑몰,헤어/바디케어,OO 카** 클래식 핸드 앤 네일크림 100ml 1개,양도 많고 향도 좋고 발림성도 좋고 잘 흡수되고 좋아요. 핸드크림을 자주 바르는 편인데 많이 끈적이지도 않고 데일리로 쓰기에 좋아서 흡족하게 사용하고 있어요.,흡수력,많이 끈적이지도 않고,0,[속성] 흡수력 [문장] 많이 끈적이지도 않고,2,흡수력,unchanged,25,16,0,0.9816721081733704,긍정,중립
808360,쇼핑몰,헤어/바디케어,OO 인** 리페어 핸드크림 56g 1개,건조하고 직업상 손을 자주 씻는지라 테이블 위에서 아주 잘 사용하고 있습니다. 하나는 선물을 했어요. OO는 믿고 쓰는 제품이라 아주 좋습니다. 가격이 비싼 편이지만 그만큼 만족스러워요. 가격 할인을 하면 더 좋을 것 같습니다.,가격,가격 할인을 하면 더 좋을 것 같습니다.,0,[속성] 가격 [문장] 가격 할인을 하면 더 좋을 것 같습니다.,2,가격,unchanged,35,22,1,0.9769183993339539,부정,중립
807735,쇼핑몰,헤어/바디케어,OO 인** 리페어 핸드크림 56g 1개,저는 OO의 꾸덕한 제형이 좋습니다. 크림을 손등에 짜서 처음에 바를 때는 발림이 꾸덕한데 손바닥이며 손끝에 잘 펴 바르면 크림이 서서히 스며들면서 꾸덕함이 사라집니다. 올겨울 보습은 OO로 잘 관리할게요.,발림성,처음에 바를 때는 발림이 꾸덕한데,-1,[속성] 발림성 [문장] 처음에 바를 때는 발림이 꾸덕한데,1,발림성,unchanged,32,23,2,0.6399703025817871,중립,부정
801634,쇼핑몰,헤어/바디케어,OO 세** 모이스춰라이징 크림 구형 550g 1개,제조일자가 최근이라 유통기한이 길어서 좋습니다. 보습엔 이 제품 만한 게 없는 것 같습니다. 여름 빼곤 언제나 사용하는데 좋습니다. 몸 뿐만 아니라 얼굴도 스킨 후 발라줍니다.,기능/효과,여름 빼곤 언제나 사용하는데 좋습니다.,0,[속성] 기능/효과 [문장] 여름 빼곤 언제나 사용하는데 좋습니다.,2,기능/효과,unchanged,37,22,0,0.9997327923774719,긍정,중립
812408,쇼핑몰,헤어/바디케어,OO 카** 클래식 핸드 앤 네일크림 100ml 1개,향이 진해서 별로예요. 발리는건 잘발리고 제형이 꾸덕한 느낌이라 더 보습이 되는거 같네요. 건조한 지금 바르기 좋아서 재구매해야겠습니다. 크기도 양도 적당하네요. 잘 쓸께요.,제형,제형이 꾸덕한 느낌이라,1,[속성] 제형 [문장] 제형이 꾸덕한 느낌이라,0,제형,unchanged,25,17,2,0.980127215385437,중립,긍정
803411,쇼핑몰,헤어/바디케어,OO 온** 퓨어 시카 쉐어 바디로션 1000ml 1개,이름과 달리 제형이 되직해서 크림 정도의 묽기예요. 머스크향 전혀 안 나고 베이비파우더 향이네요. 향 진하지 않고 보습력은 좋습니다. 몸에 바르는 보습 제품은 이렇게 용량이 커야 좋습니다.,제형,이름과 달리 제형이 되직해서 크림 정도의 묽기예요.,-1,[속성] 제형 [문장] 이름과 달리 제형이 되직해서 크림 정도의 묽기예요.,1,제형,unchanged,41,22,2,0.8287935853004456,중립,부정
804736,쇼핑몰,헤어/바디케어,OO 데일리 바디로션 450ml 2개,"사용하던 제품인데, 케이스가 변경되서 한참 확인 했습니다. 이제 건조한 계절이 왔습니다. 항상 촉촉함이 오래가고 잘 흡수되어 좋습니다.",용기,케이스가 변경되서 한참 확인 했습니다.,0,[속성] 용기 [문장] 케이스가 변경되서 한참 확인 했습니다.,2,용기,unchanged,34,20,1,0.9494060277938843,부정,중립
813037,쇼핑몰,헤어/바디케어,OO 해** 버블 핸드워시 250ml 1개,원래 사용하던 제품인데 여기가 제일 가격이 좋아서 한꺼번에 많이 구매했습니다. 많이 건조하지도 않고 향기도 산뜻해서 만족합니다. 그런데 한 번에 구매할 수 있는 수량 더 늘려 주셨으면 좋겠습니다.,보습력/수분감,많이 건조하지도 않고,0,[속성] 보습력/수분감 [문장] 많이 건조하지도 않고,2,보습력/수분감,unchanged,29,19,0,0.9789966344833374,긍정,중립
802143,쇼핑몰,헤어/바디케어,OO 바** 맨 리페어링 모이스처 로션 450ml 2개,사용하던 제품이 있는데 처음 구매해 봤습니다. 사은품은 잘 받았습니다. 그런데 다른 제품과 비교했을 때 유분기가 많아요. 남자가 쓰기에는 향이 좀 안 좋네요.,제품구성,사은품은 잘 받았습니다.,1,[속성] 제품구성 [문장] 사은품은 잘 받았습니다.,0,제품구성,unchanged,28,19,2,0.5237734913825989,중립,긍정
809521,쇼핑몰,헤어/바디케어,OO 바** 카모마일 크림 250ml 1개,늘 쓰는 제품이에요. 일단 보습력이 우수합니다. 손을 자주 씻어서 건조한데다가 건성 피부인데 효과가 좋습니다. 제형이 크림 타입이고 유분기가 적당해서 최고예요. 이것만 몇 통째 쓰고 있어요.,제형,제형이 크림 타입이고,1,[속성] 제형 [문장] 제형이 크림 타입이고,0,제형,unchanged,24,15,2,0.98768150806427,중립,긍정
809533,쇼핑몰,헤어/바디케어,OO 바** 카모마일 크림 250ml 1개,제품이 리뉴얼된 것 같은데 이전보다 제형이 물러져서 발림성은 좋은데 보습이나 지속력이 좀 떨어진 것 같습니다. 그래도 다른 핸드크림보다는 보습력은 좋은 것 같습니다.,제형,이전보다 제형이 물러져서,0,[속성] 제형 [문장] 이전보다 제형이 물러져서,2,제형,unchanged,26,16,1,0.99518883228302,부정,중립
809275,쇼핑몰,헤어/바디케어,OO 바** 카모마일 크림 250ml 1개,저렴하게 사서 좋네요. 유통기한도 넉넉합니다. 손발이 차서 항상 크림 발라야 되는데 끈적임 적어서 ㅇㅇㅇ 쓰는데 리뉴얼 되면서 뭔가 좀 기름집니다. 그 전보다 글리세린 함유량이 줄어든거 같네요.,흡수력,끈적임 적어서 ㅇㅇㅇ 쓰는데 리뉴얼 되면서 뭔가 좀 기름집니다.,-1,[속성] 흡수력 [문장] 끈적임 적어서 ㅇㅇㅇ 쓰는데 리뉴얼 되면서 뭔가 좀 기름집니다.,1,흡수력,unchanged,49,28,2,0.6568523645401001,중립,부정
817648,쇼핑몰,헤어/바디케어,OO 랩** 센서티브 포밍 핸드워시 250ml 1개,원래는 다른 회사의 상품 꺼 사용했는데 향이 너무 강하다 보니 손을 씻고 나서도 향 때문에 조금 신경 쓰였습니다. 그 후 여러 회사들의 상품들을 사용했지만 만족스럽지 않았습니다. 그러다가 이 상품을 구매해서 사용했는데 향도 괜찮고 무엇보다 향이 진하지 않아서 좋았습니다. 리필 구성도 나왔으면 좋을 것 같습니다.,제품구성,리필 구성도 나왔으면 좋을 것 같습니다.,-1,[속성] 제품구성 [문장] 리필 구성도 나왔으면 좋을 것 같습니다.,1,제품구성,unchanged,37,23,2,0.9951144456863403,중립,부정
808789,쇼핑몰,헤어/바디케어,OO 바** 카모마일 크림 250ml 1개,손 보습용으로는 보습력이 떨어집니다. 자기전에 사용하려고 했는데 수분감이 적어서 별로네요. 제형이 묽어서 크림이 아닌 로션 같아요. 전에 사용하던 제품이 수분감이 더 좋은 것 같아요. 효과도 없는 것 같아요.,제형,제형이 묽어서 크림이 아닌 로션 같아요.,-1,[속성] 제형 [문장] 제형이 묽어서 크림이 아닌 로션 같아요.,1,제형,unchanged,35,20,2,0.9811630845069885,중립,부정
809441,쇼핑몰,헤어/바디케어,OO 바** 카모마일 크림 250ml 1개,핸드크림으로 원래 사용하던 제품이었는데 이번에 받은 건 예전에 사용하던 제품과 다르네요. 직전에 쓰던 건 뚜껑에 카모마일 오일이라고 안 적혀 있었는데 이번에는 뚜껑에 보니 성분이 카모마일 오일을 함유했다고 새로 인쇄되어 있었어요. 뭔가 첨가물이 바뀌었는지 손이 건조한 느낌이 계속 들어서 여러 번 바르게 되네요. 직전까지 쓰던 것 보다 보송보송하지 않아요.,성분,카모마일 오일을 함유했다고,0,[속성] 성분 [문장] 카모마일 오일을 함유했다고,2,성분,unchanged,27,18,0,0.9726642966270447,긍정,중립
813377,쇼핑몰,헤어/바디케어,OO 시** 드라이 스킨 핸드크림 150ml 1개,늘 쓰고 있는 핸드크림이에요. 이것 쓰다가 다른 거 쓰니 확실히 손이 틉니다. 가격이 비싼 대신 품질이 고급스럽고 사용감이 부드러워서 너무 좋아하는 제품입니다. 대용량이라 그나마 덜 비싸게 샀어요.,가격,대용량이라 그나마 덜 비싸게 샀어요.,0,[속성] 가격 [문장] 대용량이라 그나마 덜 비싸게 샀어요.,2,가격,unchanged,33,19,0,0.7404994368553162,긍정,중립
810925,쇼핑몰,헤어/바디케어,OO 바** 크림 75ml 4개,"손발이 거칠어 핸드크림, 풋크림 여러가지 써봤는데 이 제품이 제일 보습이 약한 것 같네요. 흡수가 잘 안되서 끈적임이 오래가네요.",흡수력,끈적임이 오래가네요.,-1,[속성] 흡수력 [문장] 끈적임이 오래가네요.,1,흡수력,unchanged,25,17,0,0.9984923601150513,긍정,부정
808258,쇼핑몰,헤어/바디케어,OO 인** 리페어 핸드크림 56g 1개,ㅇㅇㅇ 워낙 유명하잖아요. 원래 다른 제품을 사용했었는데 겨울이고 워낙 손이 건조해져서 다시 구매했어요. 조금만 써도 충분히 촉촉하고 용량도 깜찍해서 가지고 다니면서 사용하기 좋습니다. 흡수력만 좀 빠르게 잘 되게 리뉴얼 되면 완벽할 듯해요.,흡수력,흡수력만 좀 빠르게 잘 되게 리뉴얼 되면 완벽할 듯해요.,-1,[속성] 흡수력 [문장] 흡수력만 좀 빠르게 잘 되게 리뉴얼 되면 완벽할 듯해요.,1,흡수력,unchanged,45,28,2,0.8894105553627014,중립,부정
808640,쇼핑몰,헤어/바디케어,OO 바** 카모마일 크림 250ml 1개,OOO 핸드크림은 아주 오래전부터 사용하던 제품입니다. 다른 핸드크림 아무리 좋다고 해도 OOO핸드크림의 보습력이 최고인 듯하네요. 코로나로 수시로 손을 씻다 보니 더욱더 OOO핸드크림을 애용하게 되었는데 손에는 물론이고 발에도 잘 바르고 있어요. OO은 수분이 날아가는 것을 방지하는 것은 탁월하지만 보습은 OOO가 더 나은 것 같습니다.,보습력/수분감,보습은 OOO가 더 나은 것 같습니다.,1,[속성] 보습력/수분감 [문장] 보습은 OOO가 더 나은 것 같습니다.,0,보습력/수분감,unchanged,39,26,1,0.9976513981819153,부정,긍정
